{
    "totalInterview": [ 24, 10, 11, 3 ],
    "candidateQuotas": 40,
    "increasedTargets": 5,
    "Applied": 49,
    "recentCandidate": [
        "https://xsgames.co/randomusers/assets/avatars/male/0.jpg",
        "https://xsgames.co/randomusers/assets/avatars/female/34.jpg",
        "https://xsgames.co/randomusers/assets/avatars/female/7.jpg",
        "https://xsgames.co/randomusers/assets/avatars/male/75.jpg",
        "https://xsgames.co/randomusers/assets/avatars/female/5.jpg",
        "https://xsgames.co/randomusers/assets/avatars/male/24.jpg",
        "https://xsgames.co/randomusers/assets/avatars/female/6.jpg"
    ]
}