[
    {
      "id": 1,
      "name": "Thực tập sinh ReactJS",
      "position": "Intern",
      "language": "ReactJS",
      "location": "Hồ Chí Minh",
      "salary" : "3 - 5 triệu",
      "number": "10",
      "image": "https://scontent.fsgn2-3.fna.fbcdn.net/v/t1.15752-9/361080017_3240360756110566_3327002083531945504_n.jpg?_nc_cat=107&ccb=1-7&_nc_sid=ae9488&_nc_ohc=jzbCpNSxI50AX8MIlMH&_nc_oc=AQk-7C-IFcuP0k1YkHXN897wVgfZqaWp8_gWQKZwTbovop7GjD6JKZrcLlK_0whjn1Q&_nc_ht=scontent.fsgn2-3.fna&oh=03_AdQ0saQgzEZEYqMXdeCCSv-_V4vvFGj24I3tH-EZXVADCQ&oe=64DD6AFF",
      "workingform": "Toàn thời gian",
      "sex": "Không yêu cầu",
      "experience": "Không yêu cầu",
      "detaillocation" : "Hồ Chí Minh: ParkView Residence, 152 Điện Biên Phủ, phường 25, Bình Thạnh, TPHCM, Bình Thạnh",
      "detailjob" : [
        "Nghiên cứu thị trường, tìm kiếm và kết nối khách hàng vào hệ thống đối tác TikTokShop Partner của Công Ty",
        "Chịu trách nhiệm/ đại diện công ty làm việc với đối tác/khách hàng",
        "Tư vấn khách hàng về các dịch vụ mà Công Ty cung cấp",
        "Xây dựng và giữ mối quan hệ đối tác với khách hàng dựa trên lợi ích của cả 2 bên",
        "Xây dựng, tổ chức và kiến nghị chính sách bán hàng đảm bảo mục tiêu doanh số kế hoạch yêu cầu.",
        "Phối hợp cùng bộ phận Account để chăm sóc khách hàng và đưa ra chính sách cũng như hoạt động thống nhất để đảm bảo hoạt động kinh doanh thông suốt."
      ],
      "requirements": [
        "Kinh nghiệm ít nhất 06 tháng ở vị trí tương đương. Nếu chưa có kinh nghiệm và kiến thức về TikTok sẽ được đào tạo.",
        "Có khả năng lập kế hoạch và quản trị bản thân",
        "Có khả năng học hỏi nhanh và cầu tiến, chủ động trong công việc",
        "Có khả năng tư vấn và thuyết phục khách hàng",
        "Kinh nghiệm làm agency quảng cáo là lợi thế (không yêu cầu nếu khả năng tự học tốt)"
      ],
      "interest": [
        "Các hoạt động nội bộ như Teambuilding, Company trip, Happy Hours, Birthday party hàng tháng…",
        "Thưởng performance, lương tháng 13",
        "Lương thưởng xứng đáng theo năng lực và kết quả kinh doanh",
        "Xét nâng lương 1 năm/lần",
        "Môi trường trẻ, năng động và nhiều cơ hội phát triển bản thân"
      ]
    },
    {
      "id": 2,
      "name": "Job 2",
      "position": "Fresher",
      "language": "Python",
      "location": "Đà Nẵng",
      "salary" : "3 - 5 triệu",
      "number": "10",
      "image": "https://scontent.fsgn2-5.fna.fbcdn.net/v/t1.15752-9/360203859_7207890769237437_6142108981807298142_n.jpg?_nc_cat=106&ccb=1-7&_nc_sid=ae9488&_nc_ohc=jMCq5zbRKIwAX_lA355&_nc_ht=scontent.fsgn2-5.fna&oh=03_AdRMcULp5J1z4j3ju16MQxyiEMfSfGFqy2j8TrD_YmYSgQ&oe=64DD5151",
      "workingform": "Toàn thời gian",
      "sex": "Không yêu cầu",
      "experience": "Không yêu cầu",
      "detaillocation" : "Hồ Chí Minh: ParkView Residence, 152 Điện Biên Phủ, phường 25, Bình Thạnh, TPHCM, Bình Thạnh",
      "detailjob" : [
        "Nghiên cứu thị trường, tìm kiếm và kết nối khách hàng vào hệ thống đối tác TikTokShop Partner của Công Ty",
        "Chịu trách nhiệm/ đại diện công ty làm việc với đối tác/khách hàng",
        "Tư vấn khách hàng về các dịch vụ mà Công Ty cung cấp",
        "Xây dựng và giữ mối quan hệ đối tác với khách hàng dựa trên lợi ích của cả 2 bên",
        "Xây dựng, tổ chức và kiến nghị chính sách bán hàng đảm bảo mục tiêu doanh số kế hoạch yêu cầu.",
        "Phối hợp cùng bộ phận Account để chăm sóc khách hàng và đưa ra chính sách cũng như hoạt động thống nhất để đảm bảo hoạt động kinh doanh thông suốt."
      ],
      "requirements": [
        "Kinh nghiệm ít nhất 06 tháng ở vị trí tương đương. Nếu chưa có kinh nghiệm và kiến thức về TikTok sẽ được đào tạo.",
        "Có khả năng lập kế hoạch và quản trị bản thân",
        "Có khả năng học hỏi nhanh và cầu tiến, chủ động trong công việc",
        "Có khả năng tư vấn và thuyết phục khách hàng",
        "Kinh nghiệm làm agency quảng cáo là lợi thế (không yêu cầu nếu khả năng tự học tốt)"
      ],
      "interest": [
        "Các hoạt động nội bộ như Teambuilding, Company trip, Happy Hours, Birthday party hàng tháng…",
        "Thưởng performance, lương tháng 13",
        "Lương thưởng xứng đáng theo năng lực và kết quả kinh doanh",
        "Xét nâng lương 1 năm/lần",
        "Môi trường trẻ, năng động và nhiều cơ hội phát triển bản thân"
      ]
    },
    {
      "id": 3,
      "name": "Job 3",
      "position": "Middle",
      "language": "PHP",
      "location": "Hà Nội",
      "salary" : "3 - 5 triệu",
      "number": "10",
      "image": "https://scontent.fsgn2-3.fna.fbcdn.net/v/t1.15752-9/361082349_639259347924544_8735229092188110724_n.jpg?_nc_cat=107&ccb=1-7&_nc_sid=ae9488&_nc_ohc=WdBmYP_UgSYAX_nFyj_&_nc_ht=scontent.fsgn2-3.fna&oh=03_AdS5cmhOCqgbT0BpB6jV5yzfhLRitwgraGyR_QBlQpnp3A&oe=64DD705D",
      "workingform": "Toàn thời gian",
      "sex": "Không yêu cầu",
      "experience": "Không yêu cầu",
      "detaillocation" : "Hồ Chí Minh: ParkView Residence, 152 Điện Biên Phủ, phường 25, Bình Thạnh, TPHCM, Bình Thạnh",
      "detailjob" : [
        "Nghiên cứu thị trường, tìm kiếm và kết nối khách hàng vào hệ thống đối tác TikTokShop Partner của Công Ty",
        "Chịu trách nhiệm/ đại diện công ty làm việc với đối tác/khách hàng",
        "Tư vấn khách hàng về các dịch vụ mà Công Ty cung cấp",
        "Xây dựng và giữ mối quan hệ đối tác với khách hàng dựa trên lợi ích của cả 2 bên",
        "Xây dựng, tổ chức và kiến nghị chính sách bán hàng đảm bảo mục tiêu doanh số kế hoạch yêu cầu.",
        "Phối hợp cùng bộ phận Account để chăm sóc khách hàng và đưa ra chính sách cũng như hoạt động thống nhất để đảm bảo hoạt động kinh doanh thông suốt."
      ],
      "requirements": [
        "Kinh nghiệm ít nhất 06 tháng ở vị trí tương đương. Nếu chưa có kinh nghiệm và kiến thức về TikTok sẽ được đào tạo.",
        "Có khả năng lập kế hoạch và quản trị bản thân",
        "Có khả năng học hỏi nhanh và cầu tiến, chủ động trong công việc",
        "Có khả năng tư vấn và thuyết phục khách hàng",
        "Kinh nghiệm làm agency quảng cáo là lợi thế (không yêu cầu nếu khả năng tự học tốt)"
      ],
      "interest": [
        "Các hoạt động nội bộ như Teambuilding, Company trip, Happy Hours, Birthday party hàng tháng…",
        "Thưởng performance, lương tháng 13",
        "Lương thưởng xứng đáng theo năng lực và kết quả kinh doanh",
        "Xét nâng lương 1 năm/lần",
        "Môi trường trẻ, năng động và nhiều cơ hội phát triển bản thân"
      ]
    },
    {
      "id": 4,
      "name": "Job 4",
      "position": "Junior",
      "language": "Java",
      "location": "Hồ Chí Minh",
      "salary" : "3 - 5 triệu",
      "number": "10",
      "image": "https://scontent.fsgn2-7.fna.fbcdn.net/v/t1.15752-9/360072920_212423421781835_6103638126425604563_n.jpg?_nc_cat=108&ccb=1-7&_nc_sid=ae9488&_nc_ohc=nc2_zupyblQAX8PhuLk&_nc_ht=scontent.fsgn2-7.fna&oh=03_AdRzAhYzPcCckOD6Jsx2KjBksmnoNawuno3DGA5muniLdg&oe=64DD66E6",
      "workingform": "Toàn thời gian",
      "sex": "Không yêu cầu",
      "experience": "Không yêu cầu",
      "detaillocation" : "Hồ Chí Minh: ParkView Residence, 152 Điện Biên Phủ, phường 25, Bình Thạnh, TPHCM, Bình Thạnh",
      "detailjob" : [
        "Nghiên cứu thị trường, tìm kiếm và kết nối khách hàng vào hệ thống đối tác TikTokShop Partner của Công Ty",
        "Chịu trách nhiệm/ đại diện công ty làm việc với đối tác/khách hàng",
        "Tư vấn khách hàng về các dịch vụ mà Công Ty cung cấp",
        "Xây dựng và giữ mối quan hệ đối tác với khách hàng dựa trên lợi ích của cả 2 bên",
        "Xây dựng, tổ chức và kiến nghị chính sách bán hàng đảm bảo mục tiêu doanh số kế hoạch yêu cầu.",
        "Phối hợp cùng bộ phận Account để chăm sóc khách hàng và đưa ra chính sách cũng như hoạt động thống nhất để đảm bảo hoạt động kinh doanh thông suốt."
      ],
      "requirements": [
        "Kinh nghiệm ít nhất 06 tháng ở vị trí tương đương. Nếu chưa có kinh nghiệm và kiến thức về TikTok sẽ được đào tạo.",
        "Có khả năng lập kế hoạch và quản trị bản thân",
        "Có khả năng học hỏi nhanh và cầu tiến, chủ động trong công việc",
        "Có khả năng tư vấn và thuyết phục khách hàng",
        "Kinh nghiệm làm agency quảng cáo là lợi thế (không yêu cầu nếu khả năng tự học tốt)"
      ],
      "interest": [
        "Các hoạt động nội bộ như Teambuilding, Company trip, Happy Hours, Birthday party hàng tháng…",
        "Thưởng performance, lương tháng 13",
        "Lương thưởng xứng đáng theo năng lực và kết quả kinh doanh",
        "Xét nâng lương 1 năm/lần",
        "Môi trường trẻ, năng động và nhiều cơ hội phát triển bản thân"
      ]
    },
    {
      "id": 5,
      "name": "Job 5",
      "position": "Senior",
      "language": "Python",
      "location": "Hồ Chí Minh",
      "salary" : "3 - 5 triệu",
      "number": "10",
      "image": "https://scontent.fsgn2-3.fna.fbcdn.net/v/t1.15752-9/361080017_3240360756110566_3327002083531945504_n.jpg?_nc_cat=107&ccb=1-7&_nc_sid=ae9488&_nc_ohc=jzbCpNSxI50AX8MIlMH&_nc_oc=AQk-7C-IFcuP0k1YkHXN897wVgfZqaWp8_gWQKZwTbovop7GjD6JKZrcLlK_0whjn1Q&_nc_ht=scontent.fsgn2-3.fna&oh=03_AdQ0saQgzEZEYqMXdeCCSv-_V4vvFGj24I3tH-EZXVADCQ&oe=64DD6AFF",
      "workingform": "Toàn thời gian",
      "sex": "Không yêu cầu",
      "experience": "Không yêu cầu",
      "detaillocation" : "Hồ Chí Minh: ParkView Residence, 152 Điện Biên Phủ, phường 25, Bình Thạnh, TPHCM, Bình Thạnh",
      "detailjob" : [
        "Nghiên cứu thị trường, tìm kiếm và kết nối khách hàng vào hệ thống đối tác TikTokShop Partner của Công Ty",
        "Chịu trách nhiệm/ đại diện công ty làm việc với đối tác/khách hàng",
        "Tư vấn khách hàng về các dịch vụ mà Công Ty cung cấp",
        "Xây dựng và giữ mối quan hệ đối tác với khách hàng dựa trên lợi ích của cả 2 bên",
        "Xây dựng, tổ chức và kiến nghị chính sách bán hàng đảm bảo mục tiêu doanh số kế hoạch yêu cầu.",
        "Phối hợp cùng bộ phận Account để chăm sóc khách hàng và đưa ra chính sách cũng như hoạt động thống nhất để đảm bảo hoạt động kinh doanh thông suốt."
      ],
      "requirements": [
        "Kinh nghiệm ít nhất 06 tháng ở vị trí tương đương. Nếu chưa có kinh nghiệm và kiến thức về TikTok sẽ được đào tạo.",
        "Có khả năng lập kế hoạch và quản trị bản thân",
        "Có khả năng học hỏi nhanh và cầu tiến, chủ động trong công việc",
        "Có khả năng tư vấn và thuyết phục khách hàng",
        "Kinh nghiệm làm agency quảng cáo là lợi thế (không yêu cầu nếu khả năng tự học tốt)"
      ],
      "interest": [
        "Các hoạt động nội bộ như Teambuilding, Company trip, Happy Hours, Birthday party hàng tháng…",
        "Thưởng performance, lương tháng 13",
        "Lương thưởng xứng đáng theo năng lực và kết quả kinh doanh",
        "Xét nâng lương 1 năm/lần",
        "Môi trường trẻ, năng động và nhiều cơ hội phát triển bản thân"
      ]
    },
    {
      "id": 6,
      "name": "Job 6",
      "position": "Fresher",
      "language": "ReactJS",
      "location": "Hà Nội",
      "salary" : "3 - 5 triệu",
      "number": "10",
      "image": "https://scontent.fsgn2-5.fna.fbcdn.net/v/t1.15752-9/360203859_7207890769237437_6142108981807298142_n.jpg?_nc_cat=106&ccb=1-7&_nc_sid=ae9488&_nc_ohc=jMCq5zbRKIwAX_lA355&_nc_ht=scontent.fsgn2-5.fna&oh=03_AdRMcULp5J1z4j3ju16MQxyiEMfSfGFqy2j8TrD_YmYSgQ&oe=64DD5151",
      "workingform": "Toàn thời gian",
      "sex": "Không yêu cầu",
      "experience": "Không yêu cầu",
      "detaillocation" : "Hồ Chí Minh: ParkView Residence, 152 Điện Biên Phủ, phường 25, Bình Thạnh, TPHCM, Bình Thạnh",
      "detailjob" : [
        "Nghiên cứu thị trường, tìm kiếm và kết nối khách hàng vào hệ thống đối tác TikTokShop Partner của Công Ty",
        "Chịu trách nhiệm/ đại diện công ty làm việc với đối tác/khách hàng",
        "Tư vấn khách hàng về các dịch vụ mà Công Ty cung cấp",
        "Xây dựng và giữ mối quan hệ đối tác với khách hàng dựa trên lợi ích của cả 2 bên",
        "Xây dựng, tổ chức và kiến nghị chính sách bán hàng đảm bảo mục tiêu doanh số kế hoạch yêu cầu.",
        "Phối hợp cùng bộ phận Account để chăm sóc khách hàng và đưa ra chính sách cũng như hoạt động thống nhất để đảm bảo hoạt động kinh doanh thông suốt."
      ],
      "requirements": [
        "Kinh nghiệm ít nhất 06 tháng ở vị trí tương đương. Nếu chưa có kinh nghiệm và kiến thức về TikTok sẽ được đào tạo.",
        "Có khả năng lập kế hoạch và quản trị bản thân",
        "Có khả năng học hỏi nhanh và cầu tiến, chủ động trong công việc",
        "Có khả năng tư vấn và thuyết phục khách hàng",
        "Kinh nghiệm làm agency quảng cáo là lợi thế (không yêu cầu nếu khả năng tự học tốt)"
      ],
      "interest": [
        "Các hoạt động nội bộ như Teambuilding, Company trip, Happy Hours, Birthday party hàng tháng…",
        "Thưởng performance, lương tháng 13",
        "Lương thưởng xứng đáng theo năng lực và kết quả kinh doanh",
        "Xét nâng lương 1 năm/lần",
        "Môi trường trẻ, năng động và nhiều cơ hội phát triển bản thân"
      ]
    },
    {
      "id": 7,
      "name": "Job 7",
      "position": "Middle",
      "language": "Java",
      "location": "Đà Nẵng",
      "salary" : "3 - 5 triệu",
      "number": "10",
      "image": "https://scontent.fsgn2-3.fna.fbcdn.net/v/t1.15752-9/361082349_639259347924544_8735229092188110724_n.jpg?_nc_cat=107&ccb=1-7&_nc_sid=ae9488&_nc_ohc=WdBmYP_UgSYAX_nFyj_&_nc_ht=scontent.fsgn2-3.fna&oh=03_AdS5cmhOCqgbT0BpB6jV5yzfhLRitwgraGyR_QBlQpnp3A&oe=64DD705D",
      "workingform": "Toàn thời gian",
      "sex": "Không yêu cầu",
      "experience": "Không yêu cầu",
      "detaillocation" : "Hồ Chí Minh: ParkView Residence, 152 Điện Biên Phủ, phường 25, Bình Thạnh, TPHCM, Bình Thạnh",
      "detailjob" : [
        "Nghiên cứu thị trường, tìm kiếm và kết nối khách hàng vào hệ thống đối tác TikTokShop Partner của Công Ty",
        "Chịu trách nhiệm/ đại diện công ty làm việc với đối tác/khách hàng",
        "Tư vấn khách hàng về các dịch vụ mà Công Ty cung cấp",
        "Xây dựng và giữ mối quan hệ đối tác với khách hàng dựa trên lợi ích của cả 2 bên",
        "Xây dựng, tổ chức và kiến nghị chính sách bán hàng đảm bảo mục tiêu doanh số kế hoạch yêu cầu.",
        "Phối hợp cùng bộ phận Account để chăm sóc khách hàng và đưa ra chính sách cũng như hoạt động thống nhất để đảm bảo hoạt động kinh doanh thông suốt."
      ],
      "requirements": [
        "Kinh nghiệm ít nhất 06 tháng ở vị trí tương đương. Nếu chưa có kinh nghiệm và kiến thức về TikTok sẽ được đào tạo.",
        "Có khả năng lập kế hoạch và quản trị bản thân",
        "Có khả năng học hỏi nhanh và cầu tiến, chủ động trong công việc",
        "Có khả năng tư vấn và thuyết phục khách hàng",
        "Kinh nghiệm làm agency quảng cáo là lợi thế (không yêu cầu nếu khả năng tự học tốt)"
      ],
      "interest": [
        "Các hoạt động nội bộ như Teambuilding, Company trip, Happy Hours, Birthday party hàng tháng…",
        "Thưởng performance, lương tháng 13",
        "Lương thưởng xứng đáng theo năng lực và kết quả kinh doanh",
        "Xét nâng lương 1 năm/lần",
        "Môi trường trẻ, năng động và nhiều cơ hội phát triển bản thân"
      ]
    },
    {
      "id": 8,
      "name": "Job 8",
      "position": "Intern",
      "language": "PHP",
      "location": "Hồ Chí Minh",
      "salary" : "3 - 5 triệu",
      "number": "10",
      "image": "https://scontent.fsgn2-3.fna.fbcdn.net/v/t1.15752-9/361080017_3240360756110566_3327002083531945504_n.jpg?_nc_cat=107&ccb=1-7&_nc_sid=ae9488&_nc_ohc=jzbCpNSxI50AX8MIlMH&_nc_oc=AQk-7C-IFcuP0k1YkHXN897wVgfZqaWp8_gWQKZwTbovop7GjD6JKZrcLlK_0whjn1Q&_nc_ht=scontent.fsgn2-3.fna&oh=03_AdQ0saQgzEZEYqMXdeCCSv-_V4vvFGj24I3tH-EZXVADCQ&oe=64DD6AFF",
      "workingform": "Toàn thời gian",
      "sex": "Không yêu cầu",
      "experience": "Không yêu cầu",
      "detaillocation" : "Hồ Chí Minh: ParkView Residence, 152 Điện Biên Phủ, phường 25, Bình Thạnh, TPHCM, Bình Thạnh",
      "detailjob" : [
        "Nghiên cứu thị trường, tìm kiếm và kết nối khách hàng vào hệ thống đối tác TikTokShop Partner của Công Ty",
        "Chịu trách nhiệm/ đại diện công ty làm việc với đối tác/khách hàng",
        "Tư vấn khách hàng về các dịch vụ mà Công Ty cung cấp",
        "Xây dựng và giữ mối quan hệ đối tác với khách hàng dựa trên lợi ích của cả 2 bên",
        "Xây dựng, tổ chức và kiến nghị chính sách bán hàng đảm bảo mục tiêu doanh số kế hoạch yêu cầu.",
        "Phối hợp cùng bộ phận Account để chăm sóc khách hàng và đưa ra chính sách cũng như hoạt động thống nhất để đảm bảo hoạt động kinh doanh thông suốt."
      ],
      "requirements": [
        "Kinh nghiệm ít nhất 06 tháng ở vị trí tương đương. Nếu chưa có kinh nghiệm và kiến thức về TikTok sẽ được đào tạo.",
        "Có khả năng lập kế hoạch và quản trị bản thân",
        "Có khả năng học hỏi nhanh và cầu tiến, chủ động trong công việc",
        "Có khả năng tư vấn và thuyết phục khách hàng",
        "Kinh nghiệm làm agency quảng cáo là lợi thế (không yêu cầu nếu khả năng tự học tốt)"
      ],
      "interest": [
        "Các hoạt động nội bộ như Teambuilding, Company trip, Happy Hours, Birthday party hàng tháng…",
        "Thưởng performance, lương tháng 13",
        "Lương thưởng xứng đáng theo năng lực và kết quả kinh doanh",
        "Xét nâng lương 1 năm/lần",
        "Môi trường trẻ, năng động và nhiều cơ hội phát triển bản thân"
      ]
    },
    {
      "id": 9,
      "name": "Job 9",
      "position": "Junior",
      "language": "ReactJS",
      "location": "Hồ Chí Minh",
      "salary" : "3 - 5 triệu",
      "number": "10",
      "image": "https://scontent.fsgn2-5.fna.fbcdn.net/v/t1.15752-9/360203859_7207890769237437_6142108981807298142_n.jpg?_nc_cat=106&ccb=1-7&_nc_sid=ae9488&_nc_ohc=jMCq5zbRKIwAX_lA355&_nc_ht=scontent.fsgn2-5.fna&oh=03_AdRMcULp5J1z4j3ju16MQxyiEMfSfGFqy2j8TrD_YmYSgQ&oe=64DD5151",
      "workingform": "Toàn thời gian",
      "sex": "Không yêu cầu",
      "experience": "Không yêu cầu",
      "detaillocation" : "Hồ Chí Minh: ParkView Residence, 152 Điện Biên Phủ, phường 25, Bình Thạnh, TPHCM, Bình Thạnh",
      "detailjob" : [
        "Nghiên cứu thị trường, tìm kiếm và kết nối khách hàng vào hệ thống đối tác TikTokShop Partner của Công Ty",
        "Chịu trách nhiệm/ đại diện công ty làm việc với đối tác/khách hàng",
        "Tư vấn khách hàng về các dịch vụ mà Công Ty cung cấp",
        "Xây dựng và giữ mối quan hệ đối tác với khách hàng dựa trên lợi ích của cả 2 bên",
        "Xây dựng, tổ chức và kiến nghị chính sách bán hàng đảm bảo mục tiêu doanh số kế hoạch yêu cầu.",
        "Phối hợp cùng bộ phận Account để chăm sóc khách hàng và đưa ra chính sách cũng như hoạt động thống nhất để đảm bảo hoạt động kinh doanh thông suốt."
      ],
      "requirements": [
        "Kinh nghiệm ít nhất 06 tháng ở vị trí tương đương. Nếu chưa có kinh nghiệm và kiến thức về TikTok sẽ được đào tạo.",
        "Có khả năng lập kế hoạch và quản trị bản thân",
        "Có khả năng học hỏi nhanh và cầu tiến, chủ động trong công việc",
        "Có khả năng tư vấn và thuyết phục khách hàng",
        "Kinh nghiệm làm agency quảng cáo là lợi thế (không yêu cầu nếu khả năng tự học tốt)"
      ],
      "interest": [
        "Các hoạt động nội bộ như Teambuilding, Company trip, Happy Hours, Birthday party hàng tháng…",
        "Thưởng performance, lương tháng 13",
        "Lương thưởng xứng đáng theo năng lực và kết quả kinh doanh",
        "Xét nâng lương 1 năm/lần",
        "Môi trường trẻ, năng động và nhiều cơ hội phát triển bản thân"
      ]
    },
    {
      "id": 10,
      "name": "Job 10",
      "position": "Senior",
      "language": "Python",
      "location": "Hà Nội",
      "salary" : "3 - 5 triệu",
      "number": "10",
      "image": "https://scontent.fsgn2-3.fna.fbcdn.net/v/t1.15752-9/361082349_639259347924544_8735229092188110724_n.jpg?_nc_cat=107&ccb=1-7&_nc_sid=ae9488&_nc_ohc=WdBmYP_UgSYAX_nFyj_&_nc_ht=scontent.fsgn2-3.fna&oh=03_AdS5cmhOCqgbT0BpB6jV5yzfhLRitwgraGyR_QBlQpnp3A&oe=64DD705D",
      "workingform": "Toàn thời gian",
      "sex": "Không yêu cầu",
      "experience": "Không yêu cầu",
      "detaillocation" : "Hồ Chí Minh: ParkView Residence, 152 Điện Biên Phủ, phường 25, Bình Thạnh, TPHCM, Bình Thạnh",
      "detailjob" : [
        "Nghiên cứu thị trường, tìm kiếm và kết nối khách hàng vào hệ thống đối tác TikTokShop Partner của Công Ty",
        "Chịu trách nhiệm/ đại diện công ty làm việc với đối tác/khách hàng",
        "Tư vấn khách hàng về các dịch vụ mà Công Ty cung cấp",
        "Xây dựng và giữ mối quan hệ đối tác với khách hàng dựa trên lợi ích của cả 2 bên",
        "Xây dựng, tổ chức và kiến nghị chính sách bán hàng đảm bảo mục tiêu doanh số kế hoạch yêu cầu.",
        "Phối hợp cùng bộ phận Account để chăm sóc khách hàng và đưa ra chính sách cũng như hoạt động thống nhất để đảm bảo hoạt động kinh doanh thông suốt."
      ],
      "requirements": [
        "Kinh nghiệm ít nhất 06 tháng ở vị trí tương đương. Nếu chưa có kinh nghiệm và kiến thức về TikTok sẽ được đào tạo.",
        "Có khả năng lập kế hoạch và quản trị bản thân",
        "Có khả năng học hỏi nhanh và cầu tiến, chủ động trong công việc",
        "Có khả năng tư vấn và thuyết phục khách hàng",
        "Kinh nghiệm làm agency quảng cáo là lợi thế (không yêu cầu nếu khả năng tự học tốt)"
      ],
      "interest": [
        "Các hoạt động nội bộ như Teambuilding, Company trip, Happy Hours, Birthday party hàng tháng…",
        "Thưởng performance, lương tháng 13",
        "Lương thưởng xứng đáng theo năng lực và kết quả kinh doanh",
        "Xét nâng lương 1 năm/lần",
        "Môi trường trẻ, năng động và nhiều cơ hội phát triển bản thân"
      ]
    },
    {
      "id": 11,
      "name": "Job 11",
      "position": "Fresher",
      "language": "Java",
      "location": "Hà Nội",
      "salary" : "3 - 5 triệu",
      "number": "10",
      "image": "https://scontent.fsgn2-3.fna.fbcdn.net/v/t1.15752-9/361080017_3240360756110566_3327002083531945504_n.jpg?_nc_cat=107&ccb=1-7&_nc_sid=ae9488&_nc_ohc=jzbCpNSxI50AX8MIlMH&_nc_oc=AQk-7C-IFcuP0k1YkHXN897wVgfZqaWp8_gWQKZwTbovop7GjD6JKZrcLlK_0whjn1Q&_nc_ht=scontent.fsgn2-3.fna&oh=03_AdQ0saQgzEZEYqMXdeCCSv-_V4vvFGj24I3tH-EZXVADCQ&oe=64DD6AFF",
      "workingform": "Toàn thời gian",
      "sex": "Không yêu cầu",
      "experience": "Không yêu cầu",
      "detaillocation" : "Hồ Chí Minh: ParkView Residence, 152 Điện Biên Phủ, phường 25, Bình Thạnh, TPHCM, Bình Thạnh",
      "detailjob" : [
        "Nghiên cứu thị trường, tìm kiếm và kết nối khách hàng vào hệ thống đối tác TikTokShop Partner của Công Ty",
        "Chịu trách nhiệm/ đại diện công ty làm việc với đối tác/khách hàng",
        "Tư vấn khách hàng về các dịch vụ mà Công Ty cung cấp",
        "Xây dựng và giữ mối quan hệ đối tác với khách hàng dựa trên lợi ích của cả 2 bên",
        "Xây dựng, tổ chức và kiến nghị chính sách bán hàng đảm bảo mục tiêu doanh số kế hoạch yêu cầu.",
        "Phối hợp cùng bộ phận Account để chăm sóc khách hàng và đưa ra chính sách cũng như hoạt động thống nhất để đảm bảo hoạt động kinh doanh thông suốt."
      ],
      "requirements": [
        "Kinh nghiệm ít nhất 06 tháng ở vị trí tương đương. Nếu chưa có kinh nghiệm và kiến thức về TikTok sẽ được đào tạo.",
        "Có khả năng lập kế hoạch và quản trị bản thân",
        "Có khả năng học hỏi nhanh và cầu tiến, chủ động trong công việc",
        "Có khả năng tư vấn và thuyết phục khách hàng",
        "Kinh nghiệm làm agency quảng cáo là lợi thế (không yêu cầu nếu khả năng tự học tốt)"
      ],
      "interest": [
        "Các hoạt động nội bộ như Teambuilding, Company trip, Happy Hours, Birthday party hàng tháng…",
        "Thưởng performance, lương tháng 13",
        "Lương thưởng xứng đáng theo năng lực và kết quả kinh doanh",
        "Xét nâng lương 1 năm/lần",
        "Môi trường trẻ, năng động và nhiều cơ hội phát triển bản thân"
      ]
    },
    {
      "id": 12,
      "name": "Job 12",
      "position": "Middle",
      "language": "PHP",
      "location": "Hồ Chí Minh",
      "salary" : "3 - 5 triệu",
      "number": "10",
      "image": "https://scontent.fsgn2-5.fna.fbcdn.net/v/t1.15752-9/360203859_7207890769237437_6142108981807298142_n.jpg?_nc_cat=106&ccb=1-7&_nc_sid=ae9488&_nc_ohc=jMCq5zbRKIwAX_lA355&_nc_ht=scontent.fsgn2-5.fna&oh=03_AdRMcULp5J1z4j3ju16MQxyiEMfSfGFqy2j8TrD_YmYSgQ&oe=64DD5151",
      "workingform": "Toàn thời gian",
      "sex": "Không yêu cầu",
      "experience": "Không yêu cầu",
      "detaillocation" : "Hồ Chí Minh: ParkView Residence, 152 Điện Biên Phủ, phường 25, Bình Thạnh, TPHCM, Bình Thạnh",
      "detailjob" : [
        "Nghiên cứu thị trường, tìm kiếm và kết nối khách hàng vào hệ thống đối tác TikTokShop Partner của Công Ty",
        "Chịu trách nhiệm/ đại diện công ty làm việc với đối tác/khách hàng",
        "Tư vấn khách hàng về các dịch vụ mà Công Ty cung cấp",
        "Xây dựng và giữ mối quan hệ đối tác với khách hàng dựa trên lợi ích của cả 2 bên",
        "Xây dựng, tổ chức và kiến nghị chính sách bán hàng đảm bảo mục tiêu doanh số kế hoạch yêu cầu.",
        "Phối hợp cùng bộ phận Account để chăm sóc khách hàng và đưa ra chính sách cũng như hoạt động thống nhất để đảm bảo hoạt động kinh doanh thông suốt."
      ],
      "requirements": [
        "Kinh nghiệm ít nhất 06 tháng ở vị trí tương đương. Nếu chưa có kinh nghiệm và kiến thức về TikTok sẽ được đào tạo.",
        "Có khả năng lập kế hoạch và quản trị bản thân",
        "Có khả năng học hỏi nhanh và cầu tiến, chủ động trong công việc",
        "Có khả năng tư vấn và thuyết phục khách hàng",
        "Kinh nghiệm làm agency quảng cáo là lợi thế (không yêu cầu nếu khả năng tự học tốt)"
      ],
      "interest": [
        "Các hoạt động nội bộ như Teambuilding, Company trip, Happy Hours, Birthday party hàng tháng…",
        "Thưởng performance, lương tháng 13",
        "Lương thưởng xứng đáng theo năng lực và kết quả kinh doanh",
        "Xét nâng lương 1 năm/lần",
        "Môi trường trẻ, năng động và nhiều cơ hội phát triển bản thân"
      ]
    },
    {
      "id": 13,
      "name": "Job 13",
      "position": "Intern",
      "language": "Python",
      "location": "Đà Nẵng",
      "salary" : "3 - 5 triệu",
      "number": "10",
      "image": "https://scontent.fsgn2-5.fna.fbcdn.net/v/t1.15752-9/360203859_7207890769237437_6142108981807298142_n.jpg?_nc_cat=106&ccb=1-7&_nc_sid=ae9488&_nc_ohc=jMCq5zbRKIwAX_lA355&_nc_ht=scontent.fsgn2-5.fna&oh=03_AdRMcULp5J1z4j3ju16MQxyiEMfSfGFqy2j8TrD_YmYSgQ&oe=64DD5151",
      "workingform": "Toàn thời gian",
      "sex": "Không yêu cầu",
      "experience": "Không yêu cầu",
      "detaillocation" : "Hồ Chí Minh: ParkView Residence, 152 Điện Biên Phủ, phường 25, Bình Thạnh, TPHCM, Bình Thạnh",
      "detailjob" : [
        "Nghiên cứu thị trường, tìm kiếm và kết nối khách hàng vào hệ thống đối tác TikTokShop Partner của Công Ty",
        "Chịu trách nhiệm/ đại diện công ty làm việc với đối tác/khách hàng",
        "Tư vấn khách hàng về các dịch vụ mà Công Ty cung cấp",
        "Xây dựng và giữ mối quan hệ đối tác với khách hàng dựa trên lợi ích của cả 2 bên",
        "Xây dựng, tổ chức và kiến nghị chính sách bán hàng đảm bảo mục tiêu doanh số kế hoạch yêu cầu.",
        "Phối hợp cùng bộ phận Account để chăm sóc khách hàng và đưa ra chính sách cũng như hoạt động thống nhất để đảm bảo hoạt động kinh doanh thông suốt."
      ],
      "requirements": [
        "Kinh nghiệm ít nhất 06 tháng ở vị trí tương đương. Nếu chưa có kinh nghiệm và kiến thức về TikTok sẽ được đào tạo.",
        "Có khả năng lập kế hoạch và quản trị bản thân",
        "Có khả năng học hỏi nhanh và cầu tiến, chủ động trong công việc",
        "Có khả năng tư vấn và thuyết phục khách hàng",
        "Kinh nghiệm làm agency quảng cáo là lợi thế (không yêu cầu nếu khả năng tự học tốt)"
      ],
      "interest": [
        "Các hoạt động nội bộ như Teambuilding, Company trip, Happy Hours, Birthday party hàng tháng…",
        "Thưởng performance, lương tháng 13",
        "Lương thưởng xứng đáng theo năng lực và kết quả kinh doanh",
        "Xét nâng lương 1 năm/lần",
        "Môi trường trẻ, năng động và nhiều cơ hội phát triển bản thân"
      ]
    },
    {
      "id": 14,
      "name": "Job 14",
      "position": "Junior",
      "language": "ReactJS",
      "location": "Hồ Chí Minh",
      "salary" : "3 - 5 triệu",
      "number": "10",
      "image": "https://scontent.fsgn2-5.fna.fbcdn.net/v/t1.15752-9/360203859_7207890769237437_6142108981807298142_n.jpg?_nc_cat=106&ccb=1-7&_nc_sid=ae9488&_nc_ohc=jMCq5zbRKIwAX_lA355&_nc_ht=scontent.fsgn2-5.fna&oh=03_AdRMcULp5J1z4j3ju16MQxyiEMfSfGFqy2j8TrD_YmYSgQ&oe=64DD5151",
      "workingform": "Toàn thời gian",
      "sex": "Không yêu cầu",
      "experience": "Không yêu cầu",
      "detaillocation" : "Hồ Chí Minh: ParkView Residence, 152 Điện Biên Phủ, phường 25, Bình Thạnh, TPHCM, Bình Thạnh",
      "detailjob" : [
        "Nghiên cứu thị trường, tìm kiếm và kết nối khách hàng vào hệ thống đối tác TikTokShop Partner của Công Ty",
        "Chịu trách nhiệm/ đại diện công ty làm việc với đối tác/khách hàng",
        "Tư vấn khách hàng về các dịch vụ mà Công Ty cung cấp",
        "Xây dựng và giữ mối quan hệ đối tác với khách hàng dựa trên lợi ích của cả 2 bên",
        "Xây dựng, tổ chức và kiến nghị chính sách bán hàng đảm bảo mục tiêu doanh số kế hoạch yêu cầu.",
        "Phối hợp cùng bộ phận Account để chăm sóc khách hàng và đưa ra chính sách cũng như hoạt động thống nhất để đảm bảo hoạt động kinh doanh thông suốt."
      ],
      "requirements": [
        "Kinh nghiệm ít nhất 06 tháng ở vị trí tương đương. Nếu chưa có kinh nghiệm và kiến thức về TikTok sẽ được đào tạo.",
        "Có khả năng lập kế hoạch và quản trị bản thân",
        "Có khả năng học hỏi nhanh và cầu tiến, chủ động trong công việc",
        "Có khả năng tư vấn và thuyết phục khách hàng",
        "Kinh nghiệm làm agency quảng cáo là lợi thế (không yêu cầu nếu khả năng tự học tốt)"
      ],
      "interest": [
        "Các hoạt động nội bộ như Teambuilding, Company trip, Happy Hours, Birthday party hàng tháng…",
        "Thưởng performance, lương tháng 13",
        "Lương thưởng xứng đáng theo năng lực và kết quả kinh doanh",
        "Xét nâng lương 1 năm/lần",
        "Môi trường trẻ, năng động và nhiều cơ hội phát triển bản thân"
      ]
    },
    {
      "id": 15,
      "name": "Job 15",
      "position": "Senior",
      "language": "Java",
      "location": "Hà Nội",
      "salary" : "3 - 5 triệu",
      "number": "10",
      "image": "https://scontent.fsgn2-5.fna.fbcdn.net/v/t1.15752-9/360203859_7207890769237437_6142108981807298142_n.jpg?_nc_cat=106&ccb=1-7&_nc_sid=ae9488&_nc_ohc=jMCq5zbRKIwAX_lA355&_nc_ht=scontent.fsgn2-5.fna&oh=03_AdRMcULp5J1z4j3ju16MQxyiEMfSfGFqy2j8TrD_YmYSgQ&oe=64DD5151",
      "workingform": "Toàn thời gian",
      "sex": "Không yêu cầu",
      "experience": "Không yêu cầu",
      "detaillocation" : "Hồ Chí Minh: ParkView Residence, 152 Điện Biên Phủ, phường 25, Bình Thạnh, TPHCM, Bình Thạnh",
      "detailjob" : [
        "Nghiên cứu thị trường, tìm kiếm và kết nối khách hàng vào hệ thống đối tác TikTokShop Partner của Công Ty",
        "Chịu trách nhiệm/ đại diện công ty làm việc với đối tác/khách hàng",
        "Tư vấn khách hàng về các dịch vụ mà Công Ty cung cấp",
        "Xây dựng và giữ mối quan hệ đối tác với khách hàng dựa trên lợi ích của cả 2 bên",
        "Xây dựng, tổ chức và kiến nghị chính sách bán hàng đảm bảo mục tiêu doanh số kế hoạch yêu cầu.",
        "Phối hợp cùng bộ phận Account để chăm sóc khách hàng và đưa ra chính sách cũng như hoạt động thống nhất để đảm bảo hoạt động kinh doanh thông suốt."
      ],
      "requirements": [
        "Kinh nghiệm ít nhất 06 tháng ở vị trí tương đương. Nếu chưa có kinh nghiệm và kiến thức về TikTok sẽ được đào tạo.",
        "Có khả năng lập kế hoạch và quản trị bản thân",
        "Có khả năng học hỏi nhanh và cầu tiến, chủ động trong công việc",
        "Có khả năng tư vấn và thuyết phục khách hàng",
        "Kinh nghiệm làm agency quảng cáo là lợi thế (không yêu cầu nếu khả năng tự học tốt)"
      ],
      "interest": [
        "Các hoạt động nội bộ như Teambuilding, Company trip, Happy Hours, Birthday party hàng tháng…",
        "Thưởng performance, lương tháng 13",
        "Lương thưởng xứng đáng theo năng lực và kết quả kinh doanh",
        "Xét nâng lương 1 năm/lần",
        "Môi trường trẻ, năng động và nhiều cơ hội phát triển bản thân"
      ]
    },
    {
      "id": 16,
      "name": "Job 16",
      "position": "Fresher",
      "language": "PHP",
      "location": "Hồ Chí Minh",
      "salary" : "3 - 5 triệu",
      "number": "10",
      "image": "https://scontent.fsgn2-3.fna.fbcdn.net/v/t1.15752-9/361080017_3240360756110566_3327002083531945504_n.jpg?_nc_cat=107&ccb=1-7&_nc_sid=ae9488&_nc_ohc=jzbCpNSxI50AX8MIlMH&_nc_oc=AQk-7C-IFcuP0k1YkHXN897wVgfZqaWp8_gWQKZwTbovop7GjD6JKZrcLlK_0whjn1Q&_nc_ht=scontent.fsgn2-3.fna&oh=03_AdQ0saQgzEZEYqMXdeCCSv-_V4vvFGj24I3tH-EZXVADCQ&oe=64DD6AFF",
      "workingform": "Toàn thời gian",
      "sex": "Không yêu cầu",
      "experience": "Không yêu cầu",
      "detaillocation" : "Hồ Chí Minh: ParkView Residence, 152 Điện Biên Phủ, phường 25, Bình Thạnh, TPHCM, Bình Thạnh",
      "detailjob" : [
        "Nghiên cứu thị trường, tìm kiếm và kết nối khách hàng vào hệ thống đối tác TikTokShop Partner của Công Ty",
        "Chịu trách nhiệm/ đại diện công ty làm việc với đối tác/khách hàng",
        "Tư vấn khách hàng về các dịch vụ mà Công Ty cung cấp",
        "Xây dựng và giữ mối quan hệ đối tác với khách hàng dựa trên lợi ích của cả 2 bên",
        "Xây dựng, tổ chức và kiến nghị chính sách bán hàng đảm bảo mục tiêu doanh số kế hoạch yêu cầu.",
        "Phối hợp cùng bộ phận Account để chăm sóc khách hàng và đưa ra chính sách cũng như hoạt động thống nhất để đảm bảo hoạt động kinh doanh thông suốt."
      ],
      "requirements": [
        "Kinh nghiệm ít nhất 06 tháng ở vị trí tương đương. Nếu chưa có kinh nghiệm và kiến thức về TikTok sẽ được đào tạo.",
        "Có khả năng lập kế hoạch và quản trị bản thân",
        "Có khả năng học hỏi nhanh và cầu tiến, chủ động trong công việc",
        "Có khả năng tư vấn và thuyết phục khách hàng",
        "Kinh nghiệm làm agency quảng cáo là lợi thế (không yêu cầu nếu khả năng tự học tốt)"
      ],
      "interest": [
        "Các hoạt động nội bộ như Teambuilding, Company trip, Happy Hours, Birthday party hàng tháng…",
        "Thưởng performance, lương tháng 13",
        "Lương thưởng xứng đáng theo năng lực và kết quả kinh doanh",
        "Xét nâng lương 1 năm/lần",
        "Môi trường trẻ, năng động và nhiều cơ hội phát triển bản thân"
      ]
    },
    {
      "id": 17,
      "name": "Job 17",
      "position": "Middle",
      "language": "ReactJS",
      "location": "Hồ Chí Minh",
      "salary" : "3 - 5 triệu",
      "number": "10",
      "image": "https://scontent.fsgn2-5.fna.fbcdn.net/v/t1.15752-9/360203859_7207890769237437_6142108981807298142_n.jpg?_nc_cat=106&ccb=1-7&_nc_sid=ae9488&_nc_ohc=jMCq5zbRKIwAX_lA355&_nc_ht=scontent.fsgn2-5.fna&oh=03_AdRMcULp5J1z4j3ju16MQxyiEMfSfGFqy2j8TrD_YmYSgQ&oe=64DD5151",
      "workingform": "Toàn thời gian",
      "sex": "Không yêu cầu",
      "experience": "Không yêu cầu",
      "detaillocation" : "Hồ Chí Minh: ParkView Residence, 152 Điện Biên Phủ, phường 25, Bình Thạnh, TPHCM, Bình Thạnh",
      "detailjob" : [
        "Nghiên cứu thị trường, tìm kiếm và kết nối khách hàng vào hệ thống đối tác TikTokShop Partner của Công Ty",
        "Chịu trách nhiệm/ đại diện công ty làm việc với đối tác/khách hàng",
        "Tư vấn khách hàng về các dịch vụ mà Công Ty cung cấp",
        "Xây dựng và giữ mối quan hệ đối tác với khách hàng dựa trên lợi ích của cả 2 bên",
        "Xây dựng, tổ chức và kiến nghị chính sách bán hàng đảm bảo mục tiêu doanh số kế hoạch yêu cầu.",
        "Phối hợp cùng bộ phận Account để chăm sóc khách hàng và đưa ra chính sách cũng như hoạt động thống nhất để đảm bảo hoạt động kinh doanh thông suốt."
      ],
      "requirements": [
        "Kinh nghiệm ít nhất 06 tháng ở vị trí tương đương. Nếu chưa có kinh nghiệm và kiến thức về TikTok sẽ được đào tạo.",
        "Có khả năng lập kế hoạch và quản trị bản thân",
        "Có khả năng học hỏi nhanh và cầu tiến, chủ động trong công việc",
        "Có khả năng tư vấn và thuyết phục khách hàng",
        "Kinh nghiệm làm agency quảng cáo là lợi thế (không yêu cầu nếu khả năng tự học tốt)"
      ],
      "interest": [
        "Các hoạt động nội bộ như Teambuilding, Company trip, Happy Hours, Birthday party hàng tháng…",
        "Thưởng performance, lương tháng 13",
        "Lương thưởng xứng đáng theo năng lực và kết quả kinh doanh",
        "Xét nâng lương 1 năm/lần",
        "Môi trường trẻ, năng động và nhiều cơ hội phát triển bản thân"
      ]
    },
    {
      "id": 18,
      "name": "Job 18",
      "position": "Junior",
      "language": "Python",
      "location": "Hà Nội",
      "salary" : "3 - 5 triệu",
      "number": "10",
      "image": "https://scontent.fsgn2-5.fna.fbcdn.net/v/t1.15752-9/360203859_7207890769237437_6142108981807298142_n.jpg?_nc_cat=106&ccb=1-7&_nc_sid=ae9488&_nc_ohc=jMCq5zbRKIwAX_lA355&_nc_ht=scontent.fsgn2-5.fna&oh=03_AdRMcULp5J1z4j3ju16MQxyiEMfSfGFqy2j8TrD_YmYSgQ&oe=64DD5151",
      "workingform": "Toàn thời gian",
      "sex": "Không yêu cầu",
      "experience": "Không yêu cầu",
      "detaillocation" : "Hồ Chí Minh: ParkView Residence, 152 Điện Biên Phủ, phường 25, Bình Thạnh, TPHCM, Bình Thạnh",
      "detailjob" : [
        "Nghiên cứu thị trường, tìm kiếm và kết nối khách hàng vào hệ thống đối tác TikTokShop Partner của Công Ty",
        "Chịu trách nhiệm/ đại diện công ty làm việc với đối tác/khách hàng",
        "Tư vấn khách hàng về các dịch vụ mà Công Ty cung cấp",
        "Xây dựng và giữ mối quan hệ đối tác với khách hàng dựa trên lợi ích của cả 2 bên",
        "Xây dựng, tổ chức và kiến nghị chính sách bán hàng đảm bảo mục tiêu doanh số kế hoạch yêu cầu.",
        "Phối hợp cùng bộ phận Account để chăm sóc khách hàng và đưa ra chính sách cũng như hoạt động thống nhất để đảm bảo hoạt động kinh doanh thông suốt."
      ],
      "requirements": [
        "Kinh nghiệm ít nhất 06 tháng ở vị trí tương đương. Nếu chưa có kinh nghiệm và kiến thức về TikTok sẽ được đào tạo.",
        "Có khả năng lập kế hoạch và quản trị bản thân",
        "Có khả năng học hỏi nhanh và cầu tiến, chủ động trong công việc",
        "Có khả năng tư vấn và thuyết phục khách hàng",
        "Kinh nghiệm làm agency quảng cáo là lợi thế (không yêu cầu nếu khả năng tự học tốt)"
      ],
      "interest": [
        "Các hoạt động nội bộ như Teambuilding, Company trip, Happy Hours, Birthday party hàng tháng…",
        "Thưởng performance, lương tháng 13",
        "Lương thưởng xứng đáng theo năng lực và kết quả kinh doanh",
        "Xét nâng lương 1 năm/lần",
        "Môi trường trẻ, năng động và nhiều cơ hội phát triển bản thân"
      ]
    },
    {
      "id": 19,
      "name": "Job 19",
      "position": "Senior",
      "language": "Java",
      "location": "Hồ Chí Minh",
      "salary" : "3 - 5 triệu",
      "number": "10",
      "image": "https://scontent.fsgn2-5.fna.fbcdn.net/v/t1.15752-9/360203859_7207890769237437_6142108981807298142_n.jpg?_nc_cat=106&ccb=1-7&_nc_sid=ae9488&_nc_ohc=jMCq5zbRKIwAX_lA355&_nc_ht=scontent.fsgn2-5.fna&oh=03_AdRMcULp5J1z4j3ju16MQxyiEMfSfGFqy2j8TrD_YmYSgQ&oe=64DD5151",
      "workingform": "Toàn thời gian",
      "sex": "Không yêu cầu",
      "experience": "Không yêu cầu",
      "detaillocation" : "Hồ Chí Minh: ParkView Residence, 152 Điện Biên Phủ, phường 25, Bình Thạnh, TPHCM, Bình Thạnh",
      "detailjob" : [
        "Nghiên cứu thị trường, tìm kiếm và kết nối khách hàng vào hệ thống đối tác TikTokShop Partner của Công Ty",
        "Chịu trách nhiệm/ đại diện công ty làm việc với đối tác/khách hàng",
        "Tư vấn khách hàng về các dịch vụ mà Công Ty cung cấp",
        "Xây dựng và giữ mối quan hệ đối tác với khách hàng dựa trên lợi ích của cả 2 bên",
        "Xây dựng, tổ chức và kiến nghị chính sách bán hàng đảm bảo mục tiêu doanh số kế hoạch yêu cầu.",
        "Phối hợp cùng bộ phận Account để chăm sóc khách hàng và đưa ra chính sách cũng như hoạt động thống nhất để đảm bảo hoạt động kinh doanh thông suốt."
      ],
      "requirements": [
        "Kinh nghiệm ít nhất 06 tháng ở vị trí tương đương. Nếu chưa có kinh nghiệm và kiến thức về TikTok sẽ được đào tạo.",
        "Có khả năng lập kế hoạch và quản trị bản thân",
        "Có khả năng học hỏi nhanh và cầu tiến, chủ động trong công việc",
        "Có khả năng tư vấn và thuyết phục khách hàng",
        "Kinh nghiệm làm agency quảng cáo là lợi thế (không yêu cầu nếu khả năng tự học tốt)"
      ],
      "interest": [
        "Các hoạt động nội bộ như Teambuilding, Company trip, Happy Hours, Birthday party hàng tháng…",
        "Thưởng performance, lương tháng 13",
        "Lương thưởng xứng đáng theo năng lực và kết quả kinh doanh",
        "Xét nâng lương 1 năm/lần",
        "Môi trường trẻ, năng động và nhiều cơ hội phát triển bản thân"
      ]
    },
    {
      "id": 20,
      "name": "Job 20",
      "position": "Fresher",
      "language": "PHP",
      "location": "Đà Nẵng",
      "salary" : "3 - 5 triệu",
      "number": "10",
      "image": "https://scontent.fsgn2-3.fna.fbcdn.net/v/t1.15752-9/361080017_3240360756110566_3327002083531945504_n.jpg?_nc_cat=107&ccb=1-7&_nc_sid=ae9488&_nc_ohc=jzbCpNSxI50AX8MIlMH&_nc_oc=AQk-7C-IFcuP0k1YkHXN897wVgfZqaWp8_gWQKZwTbovop7GjD6JKZrcLlK_0whjn1Q&_nc_ht=scontent.fsgn2-3.fna&oh=03_AdQ0saQgzEZEYqMXdeCCSv-_V4vvFGj24I3tH-EZXVADCQ&oe=64DD6AFF",
      "workingform": "Toàn thời gian",
      "sex": "Không yêu cầu",
      "experience": "Không yêu cầu",
      "detaillocation" : "Hồ Chí Minh: ParkView Residence, 152 Điện Biên Phủ, phường 25, Bình Thạnh, TPHCM, Bình Thạnh",
      "detailjob" : [
        "Nghiên cứu thị trường, tìm kiếm và kết nối khách hàng vào hệ thống đối tác TikTokShop Partner của Công Ty",
        "Chịu trách nhiệm/ đại diện công ty làm việc với đối tác/khách hàng",
        "Tư vấn khách hàng về các dịch vụ mà Công Ty cung cấp",
        "Xây dựng và giữ mối quan hệ đối tác với khách hàng dựa trên lợi ích của cả 2 bên",
        "Xây dựng, tổ chức và kiến nghị chính sách bán hàng đảm bảo mục tiêu doanh số kế hoạch yêu cầu.",
        "Phối hợp cùng bộ phận Account để chăm sóc khách hàng và đưa ra chính sách cũng như hoạt động thống nhất để đảm bảo hoạt động kinh doanh thông suốt."
      ],
      "requirements": [
        "Kinh nghiệm ít nhất 06 tháng ở vị trí tương đương. Nếu chưa có kinh nghiệm và kiến thức về TikTok sẽ được đào tạo.",
        "Có khả năng lập kế hoạch và quản trị bản thân",
        "Có khả năng học hỏi nhanh và cầu tiến, chủ động trong công việc",
        "Có khả năng tư vấn và thuyết phục khách hàng",
        "Kinh nghiệm làm agency quảng cáo là lợi thế (không yêu cầu nếu khả năng tự học tốt)"
      ],
      "interest": [
        "Các hoạt động nội bộ như Teambuilding, Company trip, Happy Hours, Birthday party hàng tháng…",
        "Thưởng performance, lương tháng 13",
        "Lương thưởng xứng đáng theo năng lực và kết quả kinh doanh",
        "Xét nâng lương 1 năm/lần",
        "Môi trường trẻ, năng động và nhiều cơ hội phát triển bản thân"
      ]
    }
  ]
  