[
    {
        "id": 1,
        "name": "Job Fair 2023 tại Trường Đại học Bách Khoa TPHCM",
        "article": "Sự kiện nổi bật xuyên suốt hàng năm, với mục tiêu kết nối sinh viên trường Đại học Bách Khoa TPHCM với các doanh nghiệp",
        "time" : "July 12, 2023",
        "author": "Le Minh Khiem",
        "image" : "https://static.topcv.vn/top_lists/88919b2888f93566676c3aead9ccad2c-5c3c110131e72.jpg",
        "content" : {
            "time": 1550476186479,
        "blocks": [
        {
          "id": "oUq2g_tl8y",
          "type": "header",
          "data": {
            "text": "aaa",
            "level": 2
          }
        },
        {
          "type": "image",
          "data": {
            "url": "https://images.unsplash.com/photo-1575936123452-b67c3203c357?ixlib=rb-4.0.3&ixid=M3wxMjA3fDB8MHxzZWFyY2h8Mnx8aW1hZ2V8ZW58MHx8MHx8fDA%3D&w=1000&q=80",
            "caption": "dsadasdsa"
          }
        },
        {
          "id": "zbGZFPM-iI",
          "type": "paragraph",
          "data": {
            "text":
              "Hey. Meet the new Editor. On this page you can see it in action — try to edit this text. Source code of the page contains the example of connection and configuration."
          }
        },
        {
          "id": "qYIGsjS5rt",
          "type": "header",
          "data": {
            "text": "Key features",
            "level": 3
          }
        },
        {
          "id": "XV87kJS_H1",
          "type": "list",
          "data": {
            "style": "unordered",
            "items": [
              "It is a block-styled editor",
              "It returns clean data output in JSON",
              "Designed to be extendable and pluggable with a simple API"
            ]
          }
        },
  
        {
          "id": "AOulAjL8XM",
          "type": "header",
          "data": {
            "text": "What does it mean «block-styled editor»",
            "level": 3
          }
        }, 
        {
          "id": "cyZjplMOZ0",
          "type": "paragraph",
          "data": {
            "text":
              "Workspace in classic editors is made of a single contenteditable element, used to create different HTML markups. Editor.js "
          }
        }
      ],
      "version": "2.8.1"
    }
    },
    {
        "id": 2,
        "name": "Job Fair 2023 tại Trường Đại học Bách Khoa TPHCM",
        "article": "Sự kiện nổi bật xuyên suốt hàng năm, với mục tiêu kết nối sinh viên trường Đại học Bách Khoa TPHCM với các doanh nghiệp",
        "time" : "July 12, 2023",
        "author": "Le Minh Khiem",
        "image" : "https://static.topcv.vn/top_lists/88919b2888f93566676c3aead9ccad2c-5c3c110131e72.jpg",
        "content" : {
            "time": 1550476186479,
        "blocks": [
        {
          "id": "oUq2g_tl8y",
          "type": "header",
          "data": {
            "text": "aaa",
            "level": 2
          }
        },
        {
          "type": "image",
          "data": {
            "url": "https://images.unsplash.com/photo-1575936123452-b67c3203c357?ixlib=rb-4.0.3&ixid=M3wxMjA3fDB8MHxzZWFyY2h8Mnx8aW1hZ2V8ZW58MHx8MHx8fDA%3D&w=1000&q=80",
            "caption": "dsadasdsa"
          }
        },
        {
          "id": "zbGZFPM-iI",
          "type": "paragraph",
          "data": {
            "text":
              "Hey. Meet the new Editor. On this page you can see it in action — try to edit this text. Source code of the page contains the example of connection and configuration."
          }
        },
        {
          "id": "qYIGsjS5rt",
          "type": "header",
          "data": {
            "text": "Key features",
            "level": 3
          }
        },
        {
          "id": "XV87kJS_H1",
          "type": "list",
          "data": {
            "style": "unordered",
            "items": [
              "It is a block-styled editor",
              "It returns clean data output in JSON",
              "Designed to be extendable and pluggable with a simple API"
            ]
          }
        },
  
        {
          "id": "AOulAjL8XM",
          "type": "header",
          "data": {
            "text": "What does it mean «block-styled editor»",
            "level": 3
          }
        }, 
        {
          "id": "cyZjplMOZ0",
          "type": "paragraph",
          "data": {
            "text":
              "Workspace in classic editors is made of a single contenteditable element, used to create different HTML markups. Editor.js "
          }
        }
      ],
      "version": "2.8.1"
    }
    },
    {
        "id": 3,
        "name": "Job Fair 2023 tại Trường Đại học Bách Khoa TPHCM",
        "article": "Sự kiện nổi bật xuyên suốt hàng năm, với mục tiêu kết nối sinh viên trường Đại học Bách Khoa TPHCM với các doanh nghiệp",
        "time" : "July 12, 2023",
        "author": "Le Minh Khiem 3",
        "image" : "https://static.topcv.vn/top_lists/88919b2888f93566676c3aead9ccad2c-5c3c110131e72.jpg",
        "content" : {
            "time": 1550476186479,
        "blocks": [
        {
          "id": "oUq2g_tl8y",
          "type": "header",
          "data": {
            "text": "aaa",
            "level": 2
          }
        },
        {
          "type": "image",
          "data": {
            "url": "https://images.unsplash.com/photo-1575936123452-b67c3203c357?ixlib=rb-4.0.3&ixid=M3wxMjA3fDB8MHxzZWFyY2h8Mnx8aW1hZ2V8ZW58MHx8MHx8fDA%3D&w=1000&q=80",
            "caption": "dsadasdsa"
          }
        },
        {
          "id": "zbGZFPM-iI",
          "type": "paragraph",
          "data": {
            "text":
              "Hey. Meet the new Editor. On this page you can see it in action — try to edit this text. Source code of the page contains the example of connection and configuration."
          }
        },
        {
          "id": "qYIGsjS5rt",
          "type": "header",
          "data": {
            "text": "Key features",
            "level": 3
          }
        },
        {
          "id": "XV87kJS_H1",
          "type": "list",
          "data": {
            "style": "unordered",
            "items": [
              "It is a block-styled editor",
              "It returns clean data output in JSON",
              "Designed to be extendable and pluggable with a simple API"
            ]
          }
        },
  
        {
          "id": "AOulAjL8XM",
          "type": "header",
          "data": {
            "text": "What does it mean «block-styled editor»",
            "level": 3
          }
        }, 
        {
          "id": "cyZjplMOZ0",
          "type": "paragraph",
          "data": {
            "text":
              "Workspace in classic editors is made of a single contenteditable element, used to create different HTML markups. Editor.js"
          }
        }
      ],
      "version": "2.8.1"
    }
    },
    {
        "id": 4,
        "name": "Job Fair4 2023 tại Trường Đại học Bách Khoa TPHCM ",
        "article": "Sự kiện nổi bật xuyên suốt hàng năm, với mục tiêu kết nối sinh viên trường Đại học Bách Khoa TPHCM với các doanh nghiệp",
        "time" : "July 12, 2023",
        "author": "Le Minh Khiem 4",
        "image" : "https://static.topcv.vn/top_lists/88919b2888f93566676c3aead9ccad2c-5c3c110131e72.jpg",
        "content" : {
            "time": 1550476186479,
        "blocks": [
        {
          "id": "oUq2g_tl8y",
          "type": "header",
          "data": {
            "text": "aaa",
            "level": 2
          }
        },
        {
          "type": "image",
          "data": {
            "url": "https://images.unsplash.com/photo-1575936123452-b67c3203c357?ixlib=rb-4.0.3&ixid=M3wxMjA3fDB8MHxzZWFyY2h8Mnx8aW1hZ2V8ZW58MHx8MHx8fDA%3D&w=1000&q=80",
            "caption": "dsadasdsa"
          }
        },
        {
          "id": "zbGZFPM-iI",
          "type": "paragraph",
          "data": {
            "text":
              "Hey. Meet the new Editor. On this page you can see it in action — try to edit this text. Source code of the page contains the example of connection and configuration."
          }
        },
        {
          "id": "qYIGsjS5rt",
          "type": "header",
          "data": {
            "text": "Key features",
            "level": 3
          }
        },
        {
          "id": "XV87kJS_H1",
          "type": "list",
          "data": {
            "style": "unordered",
            "items": [
              "It is a block-styled editor",
              "It returns clean data output in JSON",
              "Designed to be extendable and pluggable with a simple API"
            ]
          }
        },
  
        {
          "id": "AOulAjL8XM",
          "type": "header",
          "data": {
            "text": "What does it mean «block-styled editor»",
            "level": 3
          }
        }, 
        {
          "id": "cyZjplMOZ0",
          "type": "paragraph",
          "data": {
            "text":
              "Workspace in classic editors is made of a single contenteditable element, used to create different HTML markups. Editor.js "
          }
        }
      ],
      "version": "2.8.1"
    }
    },
    {
      "id": 5,
      "name": "Job Fair 2023 tại Trường Đại học Bách Khoa TPHCM",
      "article": "Sự kiện nổi bật xuyên suốt hàng năm, với mục tiêu kết nối sinh viên trường Đại học Bách Khoa TPHCM với các doanh nghiệp",
      "time" : "July 12, 2023",
      "author": "Le Minh Khiem",
      "image" : "https://static.topcv.vn/top_lists/88919b2888f93566676c3aead9ccad2c-5c3c110131e72.jpg",
      "content" : {
          "time": 1550476186479,
      "blocks": [
      {
        "id": "oUq2g_tl8y",
        "type": "header",
        "data": {
          "text": "aaa",
          "level": 2
        }
      },
      {
        "type": "image",
        "data": {
          "url": "https://images.unsplash.com/photo-1575936123452-b67c3203c357?ixlib=rb-4.0.3&ixid=M3wxMjA3fDB8MHxzZWFyY2h8Mnx8aW1hZ2V8ZW58MHx8MHx8fDA%3D&w=1000&q=80",
          "caption": "dsadasdsa"
        }
      },
      {
        "id": "zbGZFPM-iI",
        "type": "paragraph",
        "data": {
          "text":
            "Hey. Meet the new Editor. On this page you can see it in action — try to edit this text. Source code of the page contains the example of connection and configuration."
        }
      },
      {
        "id": "qYIGsjS5rt",
        "type": "header",
        "data": {
          "text": "Key features",
          "level": 3
        }
      },
      {
        "id": "XV87kJS_H1",
        "type": "list",
        "data": {
          "style": "unordered",
          "items": [
            "It is a block-styled editor",
            "It returns clean data output in JSON",
            "Designed to be extendable and pluggable with a simple API"
          ]
        }
      },

      {
        "id": "AOulAjL8XM",
        "type": "header",
        "data": {
          "text": "What does it mean «block-styled editor»",
          "level": 3
        }
      }, 
      {
        "id": "cyZjplMOZ0",
        "type": "paragraph",
        "data": {
          "text":
            "Workspace in classic editors is made of a single contenteditable element, used to create different HTML markups. Editor.js "
        }
      }
    ],
    "version": "2.8.1"
  }
  },
  {
    "id": 6,
    "name": "Job Fair 2023 tại Trường Đại học Bách Khoa TPHCM",
    "article": "Sự kiện nổi bật xuyên suốt hàng năm, với mục tiêu kết nối sinh viên trường Đại học Bách Khoa TPHCM với các doanh nghiệp",
    "time" : "July 12, 2023",
    "author": "Le Minh Khiem",
    "image" : "https://static.topcv.vn/top_lists/88919b2888f93566676c3aead9ccad2c-5c3c110131e72.jpg",
    "content" : {
        "time": 1550476186479,
    "blocks": [
    {
      "id": "oUq2g_tl8y",
      "type": "header",
      "data": {
        "text": "aaa",
        "level": 2
      }
    },
    {
      "type": "image",
      "data": {
        "url": "https://images.unsplash.com/photo-1575936123452-b67c3203c357?ixlib=rb-4.0.3&ixid=M3wxMjA3fDB8MHxzZWFyY2h8Mnx8aW1hZ2V8ZW58MHx8MHx8fDA%3D&w=1000&q=80",
        "caption": "dsadasdsa"
      }
    },
    {
      "id": "zbGZFPM-iI",
      "type": "paragraph",
      "data": {
        "text":
          "Hey. Meet the new Editor. On this page you can see it in action — try to edit this text. Source code of the page contains the example of connection and configuration."
      }
    },
    {
      "id": "qYIGsjS5rt",
      "type": "header",
      "data": {
        "text": "Key features",
        "level": 3
      }
    },
    {
      "id": "XV87kJS_H1",
      "type": "list",
      "data": {
        "style": "unordered",
        "items": [
          "It is a block-styled editor",
          "It returns clean data output in JSON",
          "Designed to be extendable and pluggable with a simple API"
        ]
      }
    },

    {
      "id": "AOulAjL8XM",
      "type": "header",
      "data": {
        "text": "What does it mean «block-styled editor»",
        "level": 3
      }
    }, 
    {
      "id": "cyZjplMOZ0",
      "type": "paragraph",
      "data": {
        "text":
          "Workspace in classic editors is made of a single contenteditable element, used to create different HTML markups. Editor.js "
      }
    }
  ],
  "version": "2.8.1"
}
},
{
  "id": 7,
  "name": "Job Fair 2023 tại Trường Đại học Bách Khoa TPHCM",
  "article": "Sự kiện nổi bật xuyên suốt hàng năm, với mục tiêu kết nối sinh viên trường Đại học Bách Khoa TPHCM với các doanh nghiệp",
  "time" : "July 12, 2023",
  "author": "Le Minh Khiem",
  "image" : "https://static.topcv.vn/top_lists/88919b2888f93566676c3aead9ccad2c-5c3c110131e72.jpg",
  "content" : {
      "time": 1550476186479,
  "blocks": [
  {
    "id": "oUq2g_tl8y",
    "type": "header",
    "data": {
      "text": "aaa",
      "level": 2
    }
  },
  {
    "type": "image",
    "data": {
      "url": "https://images.unsplash.com/photo-1575936123452-b67c3203c357?ixlib=rb-4.0.3&ixid=M3wxMjA3fDB8MHxzZWFyY2h8Mnx8aW1hZ2V8ZW58MHx8MHx8fDA%3D&w=1000&q=80",
      "caption": "dsadasdsa"
    }
  },
  {
    "id": "zbGZFPM-iI",
    "type": "paragraph",
    "data": {
      "text":
        "Hey. Meet the new Editor. On this page you can see it in action — try to edit this text. Source code of the page contains the example of connection and configuration."
    }
  },
  {
    "id": "qYIGsjS5rt",
    "type": "header",
    "data": {
      "text": "Key features",
      "level": 3
    }
  },
  {
    "id": "XV87kJS_H1",
    "type": "list",
    "data": {
      "style": "unordered",
      "items": [
        "It is a block-styled editor",
        "It returns clean data output in JSON",
        "Designed to be extendable and pluggable with a simple API"
      ]
    }
  },

  {
    "id": "AOulAjL8XM",
    "type": "header",
    "data": {
      "text": "What does it mean «block-styled editor»",
      "level": 3
    }
  }, 
  {
    "id": "cyZjplMOZ0",
    "type": "paragraph",
    "data": {
      "text":
        "Workspace in classic editors is made of a single contenteditable element, used to create different HTML markups. Editor.js "
    }
  }
],
"version": "2.8.1"
}
},
{
  "id": 8,
  "name": "Job Fair 2023 tại Trường Đại học Bách Khoa TPHCM",
  "article": "Sự kiện nổi bật xuyên suốt hàng năm, với mục tiêu kết nối sinh viên trường Đại học Bách Khoa TPHCM với các doanh nghiệp",
  "time" : "July 12, 2023",
  "author": "Le Minh Khiem",
  "image" : "https://static.topcv.vn/top_lists/88919b2888f93566676c3aead9ccad2c-5c3c110131e72.jpg",
  "content" : {
      "time": 1550476186479,
  "blocks": [
  {
    "id": "oUq2g_tl8y",
    "type": "header",
    "data": {
      "text": "aaa",
      "level": 2
    }
  },
  {
    "type": "image",
    "data": {
      "url": "https://images.unsplash.com/photo-1575936123452-b67c3203c357?ixlib=rb-4.0.3&ixid=M3wxMjA3fDB8MHxzZWFyY2h8Mnx8aW1hZ2V8ZW58MHx8MHx8fDA%3D&w=1000&q=80",
      "caption": "dsadasdsa"
    }
  },
  {
    "id": "zbGZFPM-iI",
    "type": "paragraph",
    "data": {
      "text":
        "Hey. Meet the new Editor. On this page you can see it in action — try to edit this text. Source code of the page contains the example of connection and configuration."
    }
  },
  {
    "id": "qYIGsjS5rt",
    "type": "header",
    "data": {
      "text": "Key features",
      "level": 3
    }
  },
  {
    "id": "XV87kJS_H1",
    "type": "list",
    "data": {
      "style": "unordered",
      "items": [
        "It is a block-styled editor",
        "It returns clean data output in JSON",
        "Designed to be extendable and pluggable with a simple API"
      ]
    }
  },

  {
    "id": "AOulAjL8XM",
    "type": "header",
    "data": {
      "text": "What does it mean «block-styled editor»",
      "level": 3
    }
  }, 
  {
    "id": "cyZjplMOZ0",
    "type": "paragraph",
    "data": {
      "text":
        "Workspace in classic editors is made of a single contenteditable element, used to create different HTML markups. Editor.js "
    }
  }
],
"version": "2.8.1"
}
}
]