[
    {
        "interviewID": 1,
        "titleJob": "Mivy App",
        "descriptionJob": "Description Job",
        "status": "In Process",
        "startDate": "Feb 6, 2021",
        "numberParticipant": 9,
        "listAvatar": [
            {
                "email": "user1@gmail.com",
                "urlAvatar": "http://xsgames.co/randomusers/assets/avatars/male/0.jpg"
            },
            {
                "email": "user2@gmail.com",
                "urlAvatar": "https://xsgames.co/randomusers/assets/avatars/female/34.jpg"
            },
            {
                "email": "user3@gmail.com",
                "urlAvatar": "https://xsgames.co/randomusers/assets/avatars/female/7.jpg"
            },
            {
                "email": "user4@gmail.com",
                "urlAvatar": "https://xsgames.co/randomusers/assets/avatars/male/75.jpg"
            },
            {
                "email": "user5@gmail.com",
                "urlAvatar": "https://xsgames.co/randomusers/assets/avatars/female/5.jpg"
            },
            {
                "email": "user6@gmail.com",
                "urlAvatar": "https://xsgames.co/randomusers/assets/avatars/male/24.jpg"
            },
            {
                "email": "user7@gmail.com",
                "urlAvatar": "https://xsgames.co/randomusers/assets/avatars/female/6.jpg"
            },
            {
                "email": "user8@gmail.com",
                "urlAvatar": "https://xsgames.co/randomusers/assets/avatars/female/15.jpg"
            },
            {
                "email": "user9@gmail.com",
                "urlAvatar": "https://xsgames.co/randomusers/assets/avatars/male/15.jpg"
            }
        ]
    },
    {
        "interviewID": 2,
        "titleJob": "Job Title 2",
        "descriptionJob": "Description Job 2",
        "status": "Completed",
        "startDate": "Feb 6, 2021",
        "numberParticipant": 5,
        "listAvatar": [
            {
                "email": "user1@gmail.com",
                "urlAvatar": "http://xsgames.co/randomusers/assets/avatars/male/0.jpg"
            },
            {
                "email": "user2@gmail.com",
                "urlAvatar": "https://xsgames.co/randomusers/assets/avatars/female/34.jpg"
            },
            {
                "email": "user3@gmail.com",
                "urlAvatar": "https://xsgames.co/randomusers/assets/avatars/female/7.jpg"
            },
            {
                "email": "user3@gmail.com",
                "urlAvatar": "https://xsgames.co/randomusers/assets/avatars/male/71.jpg"
            },
            {
                "email": "user3@gmail.com",
                "urlAvatar": "https://xsgames.co/randomusers/assets/avatars/female/47.jpg"
            }
        ]
    },
    {
        "interviewID": 3,
        "titleJob": "Job Title 3",
        "descriptionJob": "Description Job 3",
        "status": "Yet to start",
        "startDate": "Feb 6, 2021",
        "numberParticipant": 7,
        "listAvatar": [
            {
                "email": "user1@gmail.com",
                "urlAvatar": "http://xsgames.co/randomusers/assets/avatars/male/0.jpg"
            },
            {
                "email": "user2@gmail.com",
                "urlAvatar": "https://xsgames.co/randomusers/assets/avatars/female/34.jpg"
            },
            {
                "email": "user3@gmail.com",
                "urlAvatar": "https://xsgames.co/randomusers/assets/avatars/female/7.jpg"
            },
            {
                "email": "user4@gmail.com",
                "urlAvatar": "https://xsgames.co/randomusers/assets/avatars/male/75.jpg"
            }
        ]
    },
    {
        "interviewID": 4,
        "titleJob": "Job Title 4",
        "descriptionJob": "Description Job 4",
        "status": "In Process",
        "startDate": "Feb 6, 2021",
        "numberParticipant": 3,
        "listAvatar": [
            {
                "email": "user1@gmail.com",
                "urlAvatar": "http://xsgames.co/randomusers/assets/avatars/male/0.jpg"
            },
            {
                "email": "user2@gmail.com",
                "urlAvatar": "https://xsgames.co/randomusers/assets/avatars/female/34.jpg"
            }
        ]
    },
    {
        "interviewID": 5,
        "titleJob": "Job Title 5",
        "descriptionJob": "Description Job 5",
        "status": "Yet to start",
        "startDate": "Feb 6, 2021",
        "numberParticipant": 2,
        "listAvatar": [
            {
                "email": "user1@gmail.com",
                "urlAvatar": "http://xsgames.co/randomusers/assets/avatars/male/0.jpg"
            }
        ]
    },
    {
        "interviewID": 6,
        "titleJob": "Job Title 6",
        "descriptionJob": "Description Job 6",
        "status": "In Process",
        "startDate": "Feb 6, 2021",
        "numberParticipant": 8,
        "listAvatar": [
            {
                "email": "user1@gmail.com",
                "urlAvatar": "http://xsgames.co/randomusers/assets/avatars/male/0.jpg"
            },
            {
                "email": "user2@gmail.com",
                "urlAvatar": "https://xsgames.co/randomusers/assets/avatars/female/34.jpg"
            },
            {
                "email": "user3@gmail.com",
                "urlAvatar": "https://xsgames.co/randomusers/assets/avatars/female/7.jpg"
            },
            {
                "email": "user4@gmail.com",
                "urlAvatar": "https://xsgames.co/randomusers/assets/avatars/male/75.jpg"
            },
            {
                "email": "user5@gmail.com",
                "urlAvatar": "https://xsgames.co/randomusers/assets/avatars/female/5.jpg"
            }
        ]
    },
    {
        "interviewID": 7,
        "titleJob": "Job Title 7",
        "descriptionJob": "Description Job 7",
        "status": "Completed",
        "startDate": "Feb 6, 2021",
        "numberParticipant": 6,
        "listAvatar": [
            {
                "email": "user1@gmail.com",
                "urlAvatar": "http://xsgames.co/randomusers/assets/avatars/male/0.jpg"
            },
            {
                "email": "user2@gmail.com",
                "urlAvatar": "https://xsgames.co/randomusers/assets/avatars/female/34.jpg"
            },
            {
                "email": "user3@gmail.com",
                "urlAvatar": "https://xsgames.co/randomusers/assets/avatars/female/7.jpg"
            },
            {
                "email": "user4@gmail.com",
                "urlAvatar": "https://xsgames.co/randomusers/assets/avatars/male/75.jpg"
            }
        ]
    },
    {
        "interviewID": 8,
        "titleJob": "Job Title 8",
        "descriptionJob": "Description Job 8",
        "status": "Completed",
        "startDate": "Feb 6, 2021",
        "numberParticipant": 4,
        "listAvatar": [
            {
                "email": "user1@gmail.com",
                "urlAvatar": "http://xsgames.co/randomusers/assets/avatars/male/0.jpg"
            },
            {
                "email": "user2@gmail.com",
                "urlAvatar": "https://xsgames.co/randomusers/assets/avatars/female/34.jpg"
            },
            {
                "email": "user3@gmail.com",
                "urlAvatar": "https://xsgames.co/randomusers/assets/avatars/female/7.jpg"
            },
            {
                "email": "user4@gmail.com",
                "urlAvatar": "https://xsgames.co/randomusers/assets/avatars/male/75.jpg"
            },
            {
                "email": "user5@gmail.com",
                "urlAvatar": "https://xsgames.co/randomusers/assets/avatars/female/5.jpg"
            },
            {
                "email": "user6@gmail.com",
                "urlAvatar": "https://xsgames.co/randomusers/assets/avatars/male/24.jpg"
            }
        ]
    },
    {
        "interviewID": 9,
        "titleJob": "Job Title 9",
        "descriptionJob": "Description Job 9",
        "status": "Yet to start",
        "startDate": "Feb 6, 2021",
        "numberParticipant": 1,
        "listAvatar": [
            {
                "email": "user1@gmail.com",
                "urlAvatar": "http://xsgames.co/randomusers/assets/avatars/female/0.jpg"
            },
            {
                "email": "user1@gmail.com",
                "urlAvatar": "http://xsgames.co/randomusers/assets/avatars/male/20.jpg"
            },
            {
                "email": "user1@gmail.com",
                "urlAvatar": "http://xsgames.co/randomusers/assets/avatars/female/30.jpg"
            },
            {
                "email": "user1@gmail.com",
                "urlAvatar": "http://xsgames.co/randomusers/assets/avatars/male/40.jpg"
            },
            {
                "email": "user1@gmail.com",
                "urlAvatar": "http://xsgames.co/randomusers/assets/avatars/female/50.jpg"
            }
        ]
    },
    {
        "interviewID": 10,
        "titleJob": "Job Title 10",
        "descriptionJob": "Description Job 11",
        "status": "Completed",
        "startDate": "Feb 6, 2021",
        "numberParticipant": 6,
        "listAvatar": [
            {
                "email": "user1@gmail.com",
                "urlAvatar": "http://xsgames.co/randomusers/assets/avatars/male/0.jpg"
            },
            {
                "email": "user2@gmail.com",
                "urlAvatar": "https://xsgames.co/randomusers/assets/avatars/female/34.jpg"
            },
            {
                "email": "user3@gmail.com",
                "urlAvatar": "https://xsgames.co/randomusers/assets/avatars/female/7.jpg"
            },
            {
                "email": "user4@gmail.com",
                "urlAvatar": "https://xsgames.co/randomusers/assets/avatars/male/75.jpg"
            }
        ]
    },
    {
        "interviewID": 11,
        "titleJob": "Job Title 11",
        "descriptionJob": "Description Job 11",
        "status": "In Process",
        "startDate": "Feb 6, 2021",
        "numberParticipant": 6,
        "listAvatar": [
            {
                "email": "user1@gmail.com",
                "urlAvatar": "http://xsgames.co/randomusers/assets/avatars/male/0.jpg"
            },
            {
                "email": "user2@gmail.com",
                "urlAvatar": "https://xsgames.co/randomusers/assets/avatars/female/34.jpg"
            },
            {
                "email": "user3@gmail.com",
                "urlAvatar": "https://xsgames.co/randomusers/assets/avatars/female/7.jpg"
            },
            {
                "email": "user4@gmail.com",
                "urlAvatar": "https://xsgames.co/randomusers/assets/avatars/male/75.jpg"
            }
        ]
    },
    {
        "interviewID": 12,
        "titleJob": "Job Title 12",
        "descriptionJob": "Description Job 12",
        "status": "Completed",
        "startDate": "Feb 6, 2021",
        "numberParticipant": 6,
        "listAvatar": [
            {
                "email": "user1@gmail.com",
                "urlAvatar": "http://xsgames.co/randomusers/assets/avatars/male/0.jpg"
            },
            {
                "email": "user2@gmail.com",
                "urlAvatar": "https://xsgames.co/randomusers/assets/avatars/female/34.jpg"
            },
            {
                "email": "user3@gmail.com",
                "urlAvatar": "https://xsgames.co/randomusers/assets/avatars/female/7.jpg"
            },
            {
                "email": "user4@gmail.com",
                "urlAvatar": "https://xsgames.co/randomusers/assets/avatars/male/75.jpg"
            }
        ]
    },
    {
        "interviewID": 13,
        "titleJob": "Job Title 13",
        "descriptionJob": "Description Job 13",
        "status": "Yet to start",
        "startDate": "Feb 6, 2021",
        "numberParticipant": 6,
        "listAvatar": [
            {
                "email": "user1@gmail.com",
                "urlAvatar": "http://xsgames.co/randomusers/assets/avatars/male/0.jpg"
            },
            {
                "email": "user2@gmail.com",
                "urlAvatar": "https://xsgames.co/randomusers/assets/avatars/female/34.jpg"
            },
            {
                "email": "user3@gmail.com",
                "urlAvatar": "https://xsgames.co/randomusers/assets/avatars/female/7.jpg"
            },
            {
                "email": "user4@gmail.com",
                "urlAvatar": "https://xsgames.co/randomusers/assets/avatars/male/75.jpg"
            }
        ]
    }
]