[
    {
        "roomID": 1,
        "roomName": "Mivy App",
        "roomDescription": "Description Job",
        "status": "In Process",
        "startDate": "01-08-2021",
        "numberParticipant": 9,
        "listInterviewer": ["Interview1"],
        "listParticipant": [
            { 
                "email": "user1@gmail.com",
                "urlAvatar": "http://xsgames.co/randomusers/assets/avatars/male/0.jpg"
            },
            {
                "email": "user2@gmail.com",
                "urlAvatar": "https://xsgames.co/randomusers/assets/avatars/female/34.jpg"
            },
            {
                "email": "user3@gmail.com",
                "urlAvatar": "https://xsgames.co/randomusers/assets/avatars/female/7.jpg"
            },
            {
                "email": "user4@gmail.com",
                "urlAvatar": "https://xsgames.co/randomusers/assets/avatars/male/75.jpg"
            },
            {
                "email": "user5@gmail.com",
                "urlAvatar": "https://xsgames.co/randomusers/assets/avatars/female/5.jpg"
            },
            {
                "email": "user6@gmail.com",
                "urlAvatar": "https://xsgames.co/randomusers/assets/avatars/male/24.jpg"
            },
            {
                "email": "user7@gmail.com",
                "urlAvatar": "https://xsgames.co/randomusers/assets/avatars/female/6.jpg"
            },
            {
                "email": "user8@gmail.com",
                "urlAvatar": "https://xsgames.co/randomusers/assets/avatars/female/15.jpg"
            },
            {
                "email": "user9@gmail.com",
                "urlAvatar": "https://xsgames.co/randomusers/assets/avatars/male/15.jpg"
            }
        ]
    },
    {
        "roomID": 2,
        "roomName": "Room 2",
        "roomDescription": "Description Job 2",
        "status": "Completed",
        "startDate": "01-08-2021",
        "numberParticipant": 5,
        "listInterviewer": ["Interview2"],
        "listParticipant": [
            {
                "email": "user1@gmail.com",
                "urlAvatar": "http://xsgames.co/randomusers/assets/avatars/male/0.jpg"
            },
            {
                "email": "user2@gmail.com",
                "urlAvatar": "https://xsgames.co/randomusers/assets/avatars/female/34.jpg"
            },
            {
                "email": "user3@gmail.com",
                "urlAvatar": "https://xsgames.co/randomusers/assets/avatars/female/7.jpg"
            },
            {
                "email": "user3@gmail.com",
                "urlAvatar": "https://xsgames.co/randomusers/assets/avatars/male/71.jpg"
            },
            {
                "email": "user3@gmail.com",
                "urlAvatar": "https://xsgames.co/randomusers/assets/avatars/female/47.jpg"
            }
        ]
    },
    {
        "roomID": 3,
        "roomName": "Room 3",
        "roomDescription": "Description Job 3",
        "status": "Yet to start",
        "startDate": "01-08-2021",
        "numberParticipant": 7,
        "listParticipant": [
            {
                "email": "user1@gmail.com",
                "urlAvatar": "http://xsgames.co/randomusers/assets/avatars/male/0.jpg"
            },
            {
                "email": "user2@gmail.com",
                "urlAvatar": "https://xsgames.co/randomusers/assets/avatars/female/34.jpg"
            },
            {
                "email": "user3@gmail.com",
                "urlAvatar": "https://xsgames.co/randomusers/assets/avatars/female/7.jpg"
            },
            {
                "email": "user4@gmail.com",
                "urlAvatar": "https://xsgames.co/randomusers/assets/avatars/male/75.jpg"
            }
        ]
    },
    {
        "roomID": 4,
        "roomName": "Room 4",
        "roomDescription": "Description Job 4",
        "status": "In Process",
        "startDate": "01-08-2021",
        "numberParticipant": 3,
        "listParticipant": [
            {
                "email": "user1@gmail.com",
                "urlAvatar": "http://xsgames.co/randomusers/assets/avatars/male/0.jpg"
            },
            {
                "email": "user2@gmail.com",
                "urlAvatar": "https://xsgames.co/randomusers/assets/avatars/female/34.jpg"
            }
        ]
    },
    {
        "roomID": 5,
        "roomName": "Room 5",
        "roomDescription": "Description Job 5",
        "status": "Yet to start",
        "startDate": "01-08-2021",
        "numberParticipant": 2,
        "listParticipant": [
            {
                "email": "user1@gmail.com",
                "urlAvatar": "http://xsgames.co/randomusers/assets/avatars/male/0.jpg"
            }
        ]
    },
    {
        "roomID": 6,
        "roomName": "Room 6",
        "roomDescription": "Description Job 6",
        "status": "In Process",
        "startDate": "01-08-2021",
        "numberParticipant": 8,
        "listParticipant": [
            {
                "email": "user1@gmail.com",
                "urlAvatar": "http://xsgames.co/randomusers/assets/avatars/male/0.jpg"
            },
            {
                "email": "user2@gmail.com",
                "urlAvatar": "https://xsgames.co/randomusers/assets/avatars/female/34.jpg"
            },
            {
                "email": "user3@gmail.com",
                "urlAvatar": "https://xsgames.co/randomusers/assets/avatars/female/7.jpg"
            },
            {
                "email": "user4@gmail.com",
                "urlAvatar": "https://xsgames.co/randomusers/assets/avatars/male/75.jpg"
            },
            {
                "email": "user5@gmail.com",
                "urlAvatar": "https://xsgames.co/randomusers/assets/avatars/female/5.jpg"
            }
        ]
    },
    {
        "roomID": 7,
        "roomName": "Room 7",
        "roomDescription": "Description Job 7",
        "status": "Completed",
        "startDate": "01-08-2021",
        "numberParticipant": 6,
        "listParticipant": [
            {
                "email": "user1@gmail.com",
                "urlAvatar": "http://xsgames.co/randomusers/assets/avatars/male/0.jpg"
            },
            {
                "email": "user2@gmail.com",
                "urlAvatar": "https://xsgames.co/randomusers/assets/avatars/female/34.jpg"
            },
            {
                "email": "user3@gmail.com",
                "urlAvatar": "https://xsgames.co/randomusers/assets/avatars/female/7.jpg"
            },
            {
                "email": "user4@gmail.com",
                "urlAvatar": "https://xsgames.co/randomusers/assets/avatars/male/75.jpg"
            }
        ]
    },
    {
        "roomID": 8,
        "roomName": "Room 8",
        "roomDescription": "Description Job 8",
        "status": "Completed",
        "startDate": "01-08-2021",
        "numberParticipant": 4,
        "listParticipant": [
            {
                "email": "user1@gmail.com",
                "urlAvatar": "http://xsgames.co/randomusers/assets/avatars/male/0.jpg"
            },
            {
                "email": "user2@gmail.com",
                "urlAvatar": "https://xsgames.co/randomusers/assets/avatars/female/34.jpg"
            },
            {
                "email": "user3@gmail.com",
                "urlAvatar": "https://xsgames.co/randomusers/assets/avatars/female/7.jpg"
            },
            {
                "email": "user4@gmail.com",
                "urlAvatar": "https://xsgames.co/randomusers/assets/avatars/male/75.jpg"
            },
            {
                "email": "user5@gmail.com",
                "urlAvatar": "https://xsgames.co/randomusers/assets/avatars/female/5.jpg"
            },
            {
                "email": "user6@gmail.com",
                "urlAvatar": "https://xsgames.co/randomusers/assets/avatars/male/24.jpg"
            }
        ]
    },
    {
        "roomID": 9,
        "roomName": "Room 9",
        "roomDescription": "Description Job 9",
        "status": "Yet to start",
        "startDate": "01-08-2021",
        "numberParticipant": 1,
        "listParticipant": [
            {
                "email": "user1@gmail.com",
                "urlAvatar": "http://xsgames.co/randomusers/assets/avatars/female/0.jpg"
            },
            {
                "email": "user1@gmail.com",
                "urlAvatar": "http://xsgames.co/randomusers/assets/avatars/male/20.jpg"
            },
            {
                "email": "user1@gmail.com",
                "urlAvatar": "http://xsgames.co/randomusers/assets/avatars/female/30.jpg"
            },
            {
                "email": "user1@gmail.com",
                "urlAvatar": "http://xsgames.co/randomusers/assets/avatars/male/40.jpg"
            },
            {
                "email": "user1@gmail.com",
                "urlAvatar": "http://xsgames.co/randomusers/assets/avatars/female/50.jpg"
            }
        ]
    },
    {
        "roomID": 10,
        "roomName": "Room 10",
        "roomDescription": "Description Job 11",
        "status": "Completed",
        "startDate": "01-08-2021",
        "numberParticipant": 6,
        "listParticipant": [
            {
                "email": "user1@gmail.com",
                "urlAvatar": "http://xsgames.co/randomusers/assets/avatars/male/0.jpg"
            },
            {
                "email": "user2@gmail.com",
                "urlAvatar": "https://xsgames.co/randomusers/assets/avatars/female/34.jpg"
            },
            {
                "email": "user3@gmail.com",
                "urlAvatar": "https://xsgames.co/randomusers/assets/avatars/female/7.jpg"
            },
            {
                "email": "user4@gmail.com",
                "urlAvatar": "https://xsgames.co/randomusers/assets/avatars/male/75.jpg"
            }
        ]
    },
    {
        "roomID": 11,
        "roomName": "Room 11",
        "roomDescription": "Description Job 11",
        "status": "In Process",
        "startDate": "01-08-2021",
        "numberParticipant": 6,
        "listParticipant": [
            {
                "email": "user1@gmail.com",
                "urlAvatar": "http://xsgames.co/randomusers/assets/avatars/male/0.jpg"
            },
            {
                "email": "user2@gmail.com",
                "urlAvatar": "https://xsgames.co/randomusers/assets/avatars/female/34.jpg"
            },
            {
                "email": "user3@gmail.com",
                "urlAvatar": "https://xsgames.co/randomusers/assets/avatars/female/7.jpg"
            },
            {
                "email": "user4@gmail.com",
                "urlAvatar": "https://xsgames.co/randomusers/assets/avatars/male/75.jpg"
            }
        ]
    },
    {
        "roomID": 12,
        "roomName": "Room 12",
        "roomDescription": "Description Job 12",
        "status": "Completed",
        "startDate": "01-08-2021",
        "numberParticipant": 6,
        "listParticipant": [
            {
                "email": "user1@gmail.com",
                "urlAvatar": "http://xsgames.co/randomusers/assets/avatars/male/0.jpg"
            },
            {
                "email": "user2@gmail.com",
                "urlAvatar": "https://xsgames.co/randomusers/assets/avatars/female/34.jpg"
            },
            {
                "email": "user3@gmail.com",
                "urlAvatar": "https://xsgames.co/randomusers/assets/avatars/female/7.jpg"
            },
            {
                "email": "user4@gmail.com",
                "urlAvatar": "https://xsgames.co/randomusers/assets/avatars/male/75.jpg"
            }
        ]
    },
    {
        "roomID": 13,
        "roomName": "Room 13",
        "roomDescription": "Description Job 13",
        "status": "Yet to start",
        "startDate": "01-08-2021",
        "numberParticipant": 6,
        "listParticipant": [
            {
                "email": "user1@gmail.com",
                "urlAvatar": "http://xsgames.co/randomusers/assets/avatars/male/0.jpg"
            },
            {
                "email": "user2@gmail.com",
                "urlAvatar": "https://xsgames.co/randomusers/assets/avatars/female/34.jpg"
            },
            {
                "email": "user3@gmail.com",
                "urlAvatar": "https://xsgames.co/randomusers/assets/avatars/female/7.jpg"
            },
            {
                "email": "user4@gmail.com",
                "urlAvatar": "https://xsgames.co/randomusers/assets/avatars/male/75.jpg"
            }
        ]
    }
]