{
  "name": "John Doe",
  "avatar": "https://scontent.fsgn2-3.fna.fbcdn.net/v/t1.15752-9/361080017_3240360756110566_3327002083531945504_n.jpg?_nc_cat=107&ccb=1-7&_nc_sid=ae9488&_nc_ohc=jzbCpNSxI50AX8MIlMH&_nc_oc=AQk-7C-IFcuP0k1YkHXN897wVgfZqaWp8_gWQKZwTbovop7GjD6JKZrcLlK_0whjn1Q&_nc_ht=scontent.fsgn2-3.fna&oh=03_AdQ0saQgzEZEYqMXdeCCSv-_V4vvFGj24I3tH-EZXVADCQ&oe=64DD6AFF",
  "gender": "Male",
  "email": "johndoe@example.com",
  "phone": "1234567890",
  "address": "123 Street, City, Country",
  "cv": {
    "languages": ["ReactJS", "PHP", "Java"],
    "experience": "2 years"
  },
  "cvurl" :"https://example.pdf"
}
