[
  {
    "id": 1,
    "name": "John Doe",
    "email": "johndoe@example.com",
    "image": "images/1.jpg",
    "date": "12-7-2023",
    "position": "Back-end: Java",
    "status": "Blacklist"
  },
  {
    "id": 2,
    "name": "Jane Smith",
    "email": "janesmith@example.com",
    "image": "images/2.jpg",
    "date": "12-7-2023",
    "position": "Back-end: Java",
    "status": "Đang chấm"
  },
  {
    "id": 3,
    "name": "Bob Oyer",
    "email": "phanhoangphuc0509@gmail.com",
    "image": "images/3.jpg",
    "date": "12-7-2023",
    "position": "Back-end: Java",
    "status": "Chấp nhận"
  },
  {
    "id": 4,
    "name": "Kevin Catch",
    "email": "bobjohnson@example.com",
    "image": "images/4.jpg",
    "date": "12-7-2023",
    "position": "Back-end: Java",
    "status": "Đã chấm"
  },
  {
    "id": 5,
    "name": "Rey Trach",
    "email": "bobjohnson@example.com",
    "image": "images/5.jpg",
    "date": "12-7-2023",
    "position": "Back-end: Java",
    "status": "Chấp nhận"
  },
  {
    "id": 6,
    "name": "Curren Phen",
    "email": "bobjohnson@example.com",
    "image": "images/6.jpg",
    "date": "12-7-2023",
    "position": "Back-end: Java",
    "status": "Đang chấm"
  },
  {
    "id": 7,
    "name": "Kylian Mbappe",
    "email": "bobjohnson@example.com",
    "image": "images/7.jpg",
    "date": "12-7-2023",
    "position": "Back-end: Java",
    "status": "Blacklist"
  },
  {
    "id": 8,
    "name": "Leo Messi",
    "email": "bobjohnson@example.com",
    "image": "images/8.jpg",
    "date": "12-7-2023",
    "position": "Back-end: Java",
    "status": "Đã chấm"
  },
  {
    "id": 9,
    "name": "Ronal Do",
    "email": "bobjohnson@example.com",
    "image": "images/9.jpg",
    "date": "12-7-2023",
    "position": "Back-end: Java",
    "status": "Chấp nhận"
  },
  {
    "id": 10,
    "name": "Bob Ba",
    "email": "bobjohnson@example.com",
    "image": "images/10.jpg",
    "date": "12-7-2023",
    "position": "Back-end: Java",
    "status": "Đang chấm"
  },
  {
    "id": 11,
    "name": "Eko Johnson",
    "email": "bobjohnson@example.com",
    "image": "images/11.jpg",
    "date": "12-7-2023",
    "position": "Back-end: Java",
    "status": "Chấp nhận"
  },
  {
    "id": 12,
    "name": "Bob Johnson",
    "email": "bobjohnson@example.com",
    "image": "images/12.jpg",
    "date": "12-7-2023",
    "position": "Back-end: Java",
    "status": "Đang chấm"
  },
  {
    "id": 13,
    "name": "Alice Michale",
    "email": "bobjohnson@example.com",
    "image": "images/13.jpg",
    "date": "12-7-2023",
    "position": "Back-end: Java",
    "status": "Blacklist"
  },
  {
    "id": 14,
    "name": "Bobas May",
    "email": "bobjohnson@example.com",
    "image": "images/14.jpg",
    "date": "12-7-2023",
    "position": "Back-end: Java",
    "status": "Đang chấm"
  },
  {
    "id": 15,
    "name": "Justee Joyer",
    "email": "bobjohnson@example.com",
    "image": "images/15.jpg",
    "date": "12-7-2023",
    "position": "Back-end: Java",
    "status": "Blacklist"
  },
  {
    "id": 16,
    "name": "Christopher Neil",
    "email": "bobjohnson@example.com",
    "image": "images/16.jpg",
    "date": "12-7-2023",
    "position": "Back-end: Java",
    "status": "Blacklist"
  },
  {
    "id": 17,
    "name": "Micha Hisk",
    "email": "bobjohnson@example.com",
    "image": "images/17.jpg",
    "date": "12-7-2023",
    "position": "Back-end: Java",
    "status": "Đang chấm"
  },
  {
    "id": 18,
    "name": "Gajoy Poyor",
    "email": "bobjohnson@example.com",
    "image": "images/18.jpg",
    "date": "12-7-2023",
    "position": "Back-end: Java",
    "status": "Chấp nhận"
  },
  {
    "id": 19,
    "name": "Ziel Yeik",
    "email": "bobjohnson@example.com",
    "image": "images/19.jpg",
    "date": "12-7-2023",
    "position": "Back-end: Java",
    "status": "Đang chấm"
  },
  {
    "id": 20,
    "name": "Faky Quis",
    "email": "bobjohnson@example.com",
    "image": "images/20.jpg",
    "date": "12-7-2023",
    "position": "Back-end: Java",
    "status": "Chấp nhận"
  },
  {
    "id": 21,
    "name": "Qian Juan",
    "email": "bobjohnson@example.com",
    "image": "images/21.jpg",
    "date": "12-7-2023",
    "position": "Back-end: Java",
    "status": "Đang chấm"
  },
  {
    "id": 22,
    "name": "Tikashi Pota",
    "email": "bobjohnson@example.com",
    "image": "images/22.jpg",
    "date": "12-7-2023",
    "position": "Back-end: Java",
    "status": "Blacklist"
  },
  {
    "id": 23,
    "name": "Nusty Kial",
    "email": "bobjohnson@example.com",
    "image": "images/23.jpg",
    "date": "12-7-2023",
    "position": "Back-end: Java",
    "status": "Chấp nhận"
  },
  {
    "id": 24,
    "name": "Anie Banme",
    "email": "bobjohnson@example.com",
    "image": "images/24.jpg",
    "date": "12-7-2023",
    "position": "Back-end: Java",
    "status": "Đang chấm"
  },
  {
    "id": 25,
    "name": "Cajek Luan",
    "email": "cajekluan@gmail.com",
    "image": "images/25.jpg",
    "date": "12-7-2023",
    "position": "Back-end: Java",
    "status": "Chấp nhận"
  },
  {
    "id": 26,
    "name": "Deko Meian",
    "email": "cajekluan@gmail.com",
    "image": "images/26.jpg",
    "date": "12-7-2023",
    "position": "Back-end: Java",
    "status": "Đã chấm"
  },
  {
    "id": 27,
    "name": "Haeun Kim",
    "email": "cajekluan@gmail.com",
    "image": "images/27.jpg",
    "date": "12-7-2023",
    "position": "Back-end: Java",
    "status": "Đang chấm"
  },
  {
    "id": 28,
    "name": "Johua Chirst",
    "email": "cajekluan@gmail.com",
    "image": "images/28.jpg",
    "date": "12-7-2023",
    "position": "Back-end: Java",
    "status": "Blacklist"
  },
  {
    "id": 29,
    "name": "Garnercho Kisrt",
    "email": "cajekluan@gmail.com",
    "image": "images/29.jpg",
    "date": "12-7-2023",
    "position": "Back-end: Java",
    "status": "Chấp nhận"
  },
  {
    "id": 30,
    "name": "Nisk Majeor",
    "email": "cajekluan@gmail.com",
    "image": "images/30.jpg",
    "date": "12-7-2023",
    "position": "Back-end: Java",
    "status": "Đã chấm"
  },
  {
    "id": 31,
    "name": "Yern Kist",
    "email": "cajekluan@gmail.com",
    "image": "images/31.jpg",
    "date": "12-7-2023",
    "position": "Back-end: Java",
    "status": "Blacklist"
  },
  {
    "id": 32,
    "name": "Pier Asthie",
    "email": "cajekluan@gmail.com",
    "image": "images/32.jpg",
    "date": "12-7-2023",
    "position": "Back-end: Java",
    "status": "Đang chấm"
  },
  {
    "id": 33,
    "name": "Petr Crush",
    "email": "cajekluan@gmail.com",
    "image": "images/33.jpg",
    "date": "12-7-2023",
    "position": "Back-end: Java",
    "status": "Blacklist"
  },
  {
    "id": 34,
    "name": "Mendy Isk",
    "email": "cajekluan@gmail.com",
    "image": "images/34.jpg",
    "date": "12-7-2023",
    "position": "Back-end: Java",
    "status": "Đang chấm"
  },
  {
    "id": 35,
    "name": "Sadio Mane",
    "email": "cajekluan@gmail.com",
    "image": "images/35.jpg",
    "date": "12-7-2023",
    "position": "Back-end: Java",
    "status": "Blacklist"
  },
  {
    "id": 36,
    "name": "Mohamed Salah",
    "email": "cajekluan@gmail.com",
    "image": "images/36.jpg",
    "date": "12-7-2023",
    "position": "Back-end: Java",
    "status": "Chấp nhận"
  },
  {
    "id": 37,
    "name": "Roberto Firmino",
    "email": "cajekluan@gmail.com",
    "image": "images/37.jpg",
    "date": "12-7-2023",
    "position": "Back-end: Java",
    "status": "Blacklist"
  },
  {
    "id": 38,
    "name": "Jota Juan",
    "email": "cajekluan@gmail.com",
    "image": "images/38.jpg",
    "date": "12-7-2023",
    "position": "Back-end: Java",
    "status": "Đã chấm"
  },
  {
    "id": 39,
    "name": "Cristiano Ronaldo",
    "email": "cajekluan@gmail.com",
    "image": "images/39.jpg",
    "date": "12-7-2023",
    "position": "Back-end: Java",
    "status": "Đã chấm"
  },
  {
    "id": 40,
    "name": "Alisson Becker",
    "email": "cajekluan@gmail.com",
    "image": "images/40.jpg",
    "date": "12-7-2023",
    "position": "Back-end: Java",
    "status": "Blacklist"
  },
  {
    "id": 41,
    "name": "Virgil Van Dijk",
    "email": "cajekluan@gmail.com",
    "image": "images/41.jpg",
    "date": "12-7-2023",
    "position": "Back-end: Java",
    "status": "Đang chấm"
  },
  {
    "id": 42,
    "name": "Konate Kevin",
    "email": "cajekluan@gmail.com",
    "image": "images/42.jpg",
    "date": "12-7-2023",
    "position": "Back-end: Java",
    "status": "Đã chấm"
  }
]