[
    {
      "id": 1,
      "name": "John Doe",
      "hasInterview":"3",
      "email": "johndoe@example.com",
      "room":"9",
      "image": "images/1.jpg",
      "phone": "0906509604",
      "address": "269A Le Van Luong Street, Tan Quy Ward, District 7",
      "status": "Free"
    

    },
    {
      "id": 2,
      "name": "Jane Smith",
      "email": "janesmith@example.com",
      "hasInterview":"3",
      "room":"9",
      "image": "images/2.jpg",
      "phone": "0906509604",
      "address": "269A Le Van Luong Street, Tan Quy Ward, District 7",
      "status": "Free"
    },
    {
      "id": 3,
      "name": "Bob Johnson",
      "email": "bobjohnson@example.com",
      "hasInterview":"3",
      "phone": "0906509604",
      "room":"9",
      "image": "images/3.jpg",
      "address": "269A Le Van Luong Street, Tan Quy Ward, District 7",
      "status": "Busy"
    },
    {
      "id": 4,
      "name": "Bob Johnson",
      "email": "bobjohnson@example.com",
      "hasInterview":"3",
      "room":"9",
      "phone": "0906509604",
      "image": "images/4.jpg",
      "address": "269A Le Van Luong Street, Tan Quy Ward, District 7",
      "status": "Free"
    }
    ,
    {
      "id": 5,
      "name": "Bob Johnson",
      "email": "bobjohnson@example.com",
      "hasInterview":"3",
      "room":"9",
      "phone": "0906509604",
      "image": "images/5.jpg",
      "address": "269A Le Van Luong Street, Tan Quy Ward, District 7",
      "status": "Busy"
    }
    ,
    {
      "id": 6,
      "name": "Bob Johnson",
      "email": "bobjohnson@example.com",
      "hasInterview":"3",
      "room":"9",
      "phone": "0906509604",
      "image": "images/6.jpg",
      "address": "92 Tran Hung Dao Street , Pham Ngu Lao Ward, District 1",
      "status": "Free"
      
    },
    {
      "id": 7,
      "name": "Bob Johnson",
      "email": "bobjohnson@example.com",
      "hasInterview":"3",
      "room":"9",
      "phone": "0906509604",
      "image": "images/7.jpg",
      "address": "92 Tran Hung Dao Street , Pham Ngu Lao Ward, District 1",
      "status": "Free"
    },
    {
      "id": 8,
      "name": "Bob Johnson",
      "hasInterview":"3",
      "email": "bobjohnson@example.com",
      "room":"9",
      "image": "images/8.jpg",
      "phone": "0906509604",
      "address": "92 Tran Hung Dao Street , Pham Ngu Lao Ward, District 1",
      "status": "Busy"
    },
    {
      "id": 9,
      "name": "Bob Johnson",
      "hasInterview":"3",
      "email": "bobjohnson@example.com",
      "room":"9",
      "image": "images/8.jpg",
      "phone": "0906509604",
      "address": "92 Tran Hung Dao Street , Pham Ngu Lao Ward, District 1",
      "status": "Free"
    },
    {
      "id": 10,
      "name": "Bob Johnson",
      "hasInterview":"3",
      "email": "bobjohnson@example.com",
      "room":"9",
      "image": "images/8.jpg",
      "phone": "0906509604",
      "address": "92 Tran Hung Dao Street , Pham Ngu Lao Ward, District 1",
      "status": "Busy"
      
    },
    {
      "id": 11,
      "name": "Bob Johnson",
      "hasInterview":"3",
      "email": "bobjohnson@example.com",
      "room":"9",
      "image": "images/8.jpg",
      "phone": "0906509604",
      "address": "92 Tran Hung Dao Street , Pham Ngu Lao Ward, District 1",
      "status": "Free"
    },
    {
      "id": 12,
      "name": "Bob Johnson",
      "hasInterview":"3",
      "email": "bobjohnson@example.com",
      "room":"9",
      "phone": "0906509604",
      "image": "images/8.jpg",
      "address": "92 Tran Hung Dao Street , Pham Ngu Lao Ward, District 1",
      "status": "Busy"
    },
    {
      "id": 13,
      "name": "Bob Johnson",
      "hasInterview":"3",
      "email": "bobjohnson@example.com",
      "phone": "0906509604",
      "room":"9",
      "image": "images/8.jpg",
      "address": "92 Tran Hung Dao Street , Pham Ngu Lao Ward, District 1",
      "status": "Free"
    },
    {
      "id": 14,
      "name": "Bob Johnson",
      "hasInterview":"3",
      "email": "bobjohnson@example.com",
      "room":"9",
      "image": "images/8.jpg",
      "phone": "0906509604",
      "address": "92 Tran Hung Dao Street , Pham Ngu Lao Ward, District 1",
      "status": "Free"
    },
    {
      "id": 15,
      "name": "Bob Johnson",
      "hasInterview":"3",
      "email": "bobjohnson@example.com",
      "room":"9",
      "image": "images/8.jpg",
      "phone": "0906509604",
      "address": "92 Tran Hung Dao Street , Pham Ngu Lao Ward, District 1",
      "status": "Free"
    },
    {
      "id": 16,
      "name": "Bob Johnson",
      "hasInterview":"3",
      "email": "bobjohnson@example.com",
      "room":"9",
      "image": "images/8.jpg",
      "phone": "0906509604",
      "address": "92 Tran Hung Dao Street , Pham Ngu Lao Ward, District 1",
      "status": "Free"
    },
    {
      "id": 17,
      "name": "Bob Johnson",
      "hasInterview":"3",
      "email": "bobjohnson@example.com",
      "room":"9",
      "image": "images/8.jpg",
      "phone": "0906509604",
      "address": "92 Tran Hung Dao Street , Pham Ngu Lao Ward, District 1",
      "status": "Free"
    },
    {
      "id": 18,
      "name": "Bob Johnson",
      "hasInterview":"3",
      "email": "bobjohnson@example.com",
      "room":"9",
      "image": "images/8.jpg",
      "phone": "0906509604",
      "address": "92 Tran Hung Dao Street , Pham Ngu Lao Ward, District 1",
      "status": "Free"
    },
    {
      "id": 19,
      "name": "Bob Johnson",
      "hasInterview":"3",
      "email": "bobjohnson@example.com",
      "room":"9",
      "image": "images/8.jpg",
      "phone": "0906509604",
      "address": "92 Tran Hung Dao Street , Pham Ngu Lao Ward, District 1",
      "status": "Busy"
    },
    {
      "id": 20,
      "name": "Messi",
      "email": "bobjohnson@example.com",
      "room":"9",
      "hasInterview":"3",
      "image": "images/9.jpg",
      "phone": "0906509604",
      "address": "92 Tran Hung Dao Street , Pham Ngu Lao Ward, District 1",
      "status": "Busy"
    }
  ]
  