[
    {
        "RoomId": 1,
        "RoomLogo": "https://lezebre.lu/images/detailed/17/30476-Perodua-Myvi.png",
        "RoomName": "ReactJS room",
        "RoomSkill": "Web Development",
        "RoomDescription": "This is a project about web development.",
        "StartDate": "2023-08-01",
        "EndDate": "2023-08-01",
        "Status": "Đang mở"
    },
    {
        "RoomId": 2,
        "RoomLogo": "https://lezebre.lu/images/detailed/17/30476-Perodua-Myvi.png",
        "RoomName": "Angular room",
        "RoomSkill": "Data Analysis",
        "RoomDescription": "This is a project about data analysis.",
        "StartDate": "2023-08-01",
        "EndDate": "2023-08-01",
        "Status": "Chưa mở"
    },
    {
        "RoomId": 3,
        "RoomLogo": "https://lezebre.lu/images/detailed/17/30476-Perodua-Myvi.png",
        "RoomName": "VueJS room",
        "RoomSkill": "Software Development",
        "RoomDescription": "This is a project about software development.",
        "StartDate": "2023-08-01",
        "EndDate": "2023-08-01",
        "Status": "Hoàn thành"
    },
    {
        "RoomId": 4,
        "RoomLogo": "https://lezebre.lu/images/detailed/17/30476-Perodua-Myvi.png",
        "RoomName": "VueJS room",
        "RoomSkill": "Software Development",
        "RoomDescription": "This is a project about software development.",
        "StartDate": "2023-08-01",
        "EndDate": "2023-08-01",
        "Status": "Hoàn thành"
    },
    {
        "RoomId": 5,
        "RoomLogo": "https://lezebre.lu/images/detailed/17/30476-Perodua-Myvi.png",
        "RoomName": "VueJS room",
        "RoomSkill": "Software Development",
        "RoomDescription": "This is a project about software development.",
        "StartDate": "2023-08-01",
        "EndDate": "2023-08-01",
        "Status": "Hoàn thành"
    },
    {
        "RoomId": 6,
        "RoomLogo": "https://lezebre.lu/images/detailed/17/30476-Perodua-Myvi.png",
        "RoomName": "VueJS room",
        "RoomSkill": "Software Development",
        "RoomDescription": "This is a project about software development.",
        "StartDate": "2023-08-01",
        "EndDate": "2023-08-01",
        "Status": "Hoàn thành"
    },
    {
        "RoomId": 7,
        "RoomLogo": "https://lezebre.lu/images/detailed/17/30476-Perodua-Myvi.png",
        "RoomName": "VueJS room",
        "RoomSkill": "Software Development",
        "RoomDescription": "This is a project about software development.",
        "StartDate": "2023-08-01",
        "EndDate": "2023-08-01",
        "Status": "Hoàn thành"
    },
    {
        "RoomId": 8,
        "RoomLogo": "https://lezebre.lu/images/detailed/17/30476-Perodua-Myvi.png",
        "RoomName": "VueJS room",
        "RoomSkill": "Software Development",
        "RoomDescription": "This is a project about software development.",
        "StartDate": "2023-08-01",
        "EndDate": "2023-08-01",
        "Status": "Hoàn thành"
    },
    {
        "RoomId": 9,
        "RoomLogo": "https://lezebre.lu/images/detailed/17/30476-Perodua-Myvi.png",
        "RoomName": "VueJS room",
        "RoomSkill": "Software Development",
        "RoomDescription": "This is a project about software development.",
        "StartDate": "2023-08-01",
        "EndDate": "2023-08-01",
        "Status": "Hoàn thành"
    },
    {
        "RoomId": 10,
        "RoomLogo": "https://lezebre.lu/images/detailed/17/30476-Perodua-Myvi.png",
        "RoomName": "VueJS room",
        "RoomSkill": "Software Development",
        "RoomDescription": "This is a project about software development.",
        "StartDate": "2023-08-01",
        "EndDate": "2023-08-01",
        "Status": "Hoàn thành"
    },
    {
        "RoomId": 11,
        "RoomLogo": "https://lezebre.lu/images/detailed/17/30476-Perodua-Myvi.png",
        "RoomName": "VueJS room",
        "RoomSkill": "Software Development",
        "RoomDescription": "This is a project about software development.",
        "StartDate": "2023-08-01",
        "EndDate": "2023-08-01",
        "Status": "Hoàn thành"
    },
    {
        "RoomId": 12,
        "RoomLogo": "https://lezebre.lu/images/detailed/17/30476-Perodua-Myvi.png",
        "RoomName": "VueJS room",
        "RoomSkill": "Software Development",
        "RoomDescription": "This is a project about software development.",
        "StartDate": "2023-08-01",
        "EndDate": "2023-08-01",
        "Status": "Hoàn thành"
    }
]